Month,ClientNum,WealthTag,CardType,RevolvingIndicator,SpendCategory,TransAmount,TransCount
1301,11192,EmergingAffluent,Platinum,Revolver,Entertainment,20.64,2
1301,11192,EmergingAffluent,Platinum,Revolver,Personal,26.27,2
1301,11192,EmergingAffluent,Platinum,Revolver,Business,34.93,4
1301,11192,EmergingAffluent,Platinum,Revolver,Auto,52.72,5
1302,11192,EmergingAffluent,Platinum,Revolver,Auto,49.15,6
1302,11192,EmergingAffluent,Platinum,Revolver,Entertainment,32.75,3
1302,11192,EmergingAffluent,Platinum,Revolver,Business,49.98,6
1303,11192,EmergingAffluent,Platinum,Revolver,Auto,45.64,5
1303,11192,EmergingAffluent,Platinum,Revolver,Grocery,72.04,6
1304,11192,EmergingAffluent,Platinum,Revolver,Airlines,53.84,6
1305,11192,EmergingAffluent,Platinum,Revolver,Entertainment,23.44,3
1305,11192,EmergingAffluent,Platinum,Revolver,Auto,50.28,4
1305,11192,EmergingAffluent,Platinum,Revolver,Personal,19.41,3
1306,11192,EmergingAffluent,Platinum,Revolver,Auto,54.45,5
1301,18705,HighNetWorth,Gold,Revolver,Auto,53.31,6
1302,18705,HighNetWorth,Gold,Revolver,Auto,61.94,6
1302,18705,HighNetWorth,Gold,Revolver,Personal,25.45,4
1302,18705,HighNetWorth,Gold,Revolver,Grocery,80.03,8
1302,18705,HighNetWorth,Gold,Revolver,Airlines,82.48,9
1303,18705,HighNetWorth,Gold,Revolver,Business,58.88,6
1303,18705,HighNetWorth,Gold,Revolver,Auto,52.29,6
1304,18705,HighNetWorth,Gold,Revolver,Airlines,69.79,7
1304,18705,HighNetWorth,Gold,Revolver,Personal,28.87,4
1305,18705,HighNetWorth,Gold,Revolver,Grocery,80.13,8
1305,18705,HighNetWorth,Gold,Revolver,Entertainment,31.16,4
1305,18705,HighNetWorth,Gold,Revolver,Auto,62.53,6
1305,18705,HighNetWorth,Gold,Revolver,Business,48.01,5
1306,18705,HighNetWorth,Gold,Revolver,Grocery,82.93,9
1306,18705,HighNetWorth,Gold,Revolver,Airlines,83.55,9
1301,50324,HighNetWorth,Blue,Delinquent,Grocery,33.49,3
1301,50324,HighNetWorth,Blue,Delinquent,Business,21.74,2
1301,50324,HighNetWorth,Blue,Delinquent,Airlines,18.59,3
1301,50324,HighNetWorth,Blue,Delinquent,Entertainment,19.82,2
1302,50324,HighNetWorth,Blue,Delinquent,Auto,23.58,3
1302,50324,HighNetWorth,Blue,Delinquent,Entertainment,11.75,1
1303,50324,HighNetWorth,Blue,Delinquent,Airlines,22.79,4
1303,50324,HighNetWorth,Blue,Delinquent,Entertainment,15.67,2
1303,50324,HighNetWorth,Blue,Delinquent,Business,29.28,2
1303,50324,HighNetWorth,Blue,Delinquent,Grocery,23.37,2
1304,50324,HighNetWorth,Blue,Delinquent,Grocery,31.35,2
1304,50324,HighNetWorth,Blue,Delinquent,Business,19.48,3
1304,50324,HighNetWorth,Blue,Delinquent,Entertainment,5.16,2
1305,50324,HighNetWorth,Blue,Delinquent,Airlines,28.56,2
1306,50324,HighNetWorth,Blue,Delinquent,Entertainment,19.32,3
1306,50324,HighNetWorth,Blue,Delinquent,Personal,7.32,1
1306,50324,HighNetWorth,Blue,Delinquent,Auto,38.9,2
1301,52734,Affluent,Platinum,Revolver,Auto,58.3,6
1301,52734,Affluent,Platinum,Revolver,Personal,34.74,3
1301,52734,Affluent,Platinum,Revolver,Entertainment,27,4
1302,52734,Affluent,Platinum,Revolver,Business,55.47,7
1302,52734,Affluent,Platinum,Revolver,Grocery,101.08,9
1302,52734,Affluent,Platinum,Revolver,Personal,37.91,4
1302,52734,Affluent,Platinum,Revolver,Auto,56.08,6
1303,52734,Affluent,Platinum,Revolver,Auto,65.78,6
1304,52734,Affluent,Platinum,Revolver,Business,55.15,7
1304,52734,Affluent,Platinum,Revolver,Auto,68.91,6
1305,52734,Affluent,Platinum,Revolver,Grocery,95.99,9
1305,52734,Affluent,Platinum,Revolver,Entertainment,30.41,3
1306,52734,Affluent,Platinum,Revolver,Airlines,101.43,10
1306,52734,Affluent,Platinum,Revolver,Entertainment,40.68,6
1306,52734,Affluent,Platinum,Revolver,Personal,44.45,4
1306,52734,Affluent,Platinum,Revolver,Business,61.29,7
1306,52734,Affluent,Platinum,Revolver,Auto,61.66,7
1301,69668,MassMarket,Blue,OccasionalRevolver,Entertainment,28.36,1
1301,69668,MassMarket,Blue,OccasionalRevolver,Grocery,24.63,2
1301,69668,MassMarket,Blue,OccasionalRevolver,Personal,15.88,2
1302,69668,MassMarket,Blue,OccasionalRevolver,Business,9.34,3
1302,69668,MassMarket,Blue,OccasionalRevolver,Grocery,18.06,2
1303,69668,MassMarket,Blue,OccasionalRevolver,Business,24.96,2
1303,69668,MassMarket,Blue,OccasionalRevolver,Grocery,34.04,3
1303,69668,MassMarket,Blue,OccasionalRevolver,Entertainment,15.21,2
1304,69668,MassMarket,Blue,OccasionalRevolver,Auto,19.62,2
1304,69668,MassMarket,Blue,OccasionalRevolver,Airlines,35.39,2
1304,69668,MassMarket,Blue,OccasionalRevolver,Personal,28.79,2
1304,69668,MassMarket,Blue,OccasionalRevolver,Grocery,14.06,2
1305,69668,MassMarket,Blue,OccasionalRevolver,Grocery,13.72,3
1305,69668,MassMarket,Blue,OccasionalRevolver,Airlines,27.03,2
1305,69668,MassMarket,Blue,OccasionalRevolver,Auto,11.9,2
1306,69668,MassMarket,Blue,OccasionalRevolver,Auto,13.07,2
1306,69668,MassMarket,Blue,OccasionalRevolver,Personal,9.04,1
1301,174600,HighNetWorth,Platinum,Transactor,Airlines,196.03,20
1301,174600,HighNetWorth,Platinum,Transactor,Auto,118.97,12
1301,174600,HighNetWorth,Platinum,Transactor,Business,118.48,13
1302,174600,HighNetWorth,Platinum,Transactor,Business,120.74,13
1302,174600,HighNetWorth,Platinum,Transactor,Grocery,185.18,19
1303,174600,HighNetWorth,Platinum,Transactor,Business,132.31,14
1303,174600,HighNetWorth,Platinum,Transactor,Grocery,212.96,22
1303,174600,HighNetWorth,Platinum,Transactor,Personal,64.81,7
1303,174600,HighNetWorth,Platinum,Transactor,Entertainment,83.53,8
1303,174600,HighNetWorth,Platinum,Transactor,Airlines,203.89,21
1304,174600,HighNetWorth,Platinum,Transactor,Personal,87.28,7
1304,174600,HighNetWorth,Platinum,Transactor,Business,115.21,12
1304,174600,HighNetWorth,Platinum,Transactor,Grocery,173.63,19
1305,174600,HighNetWorth,Platinum,Transactor,Business,122.2,15
1305,174600,HighNetWorth,Platinum,Transactor,Personal,79.28,8
1305,174600,HighNetWorth,Platinum,Transactor,Airlines,193.58,19
1306,174600,HighNetWorth,Platinum,Transactor,Grocery,216.71,22
1306,174600,HighNetWorth,Platinum,Transactor,Airlines,204.74,23
1301,202900,EmergingAffluent,Platinum,Transactor,Auto,74.1,8
1301,202900,EmergingAffluent,Platinum,Transactor,Grocery,116.7,12
1302,202900,EmergingAffluent,Platinum,Transactor,Personal,46.87,7
1302,202900,EmergingAffluent,Platinum,Transactor,Grocery,114.97,12
1302,202900,EmergingAffluent,Platinum,Transactor,Business,88.94,9
1302,202900,EmergingAffluent,Platinum,Transactor,Airlines,116.06,13
1303,202900,EmergingAffluent,Platinum,Transactor,Business,92.77,9
1303,202900,EmergingAffluent,Platinum,Transactor,Personal,40.68,5
1303,202900,EmergingAffluent,Platinum,Transactor,Airlines,131.23,13
1304,202900,EmergingAffluent,Platinum,Transactor,Personal,39.98,5
1304,202900,EmergingAffluent,Platinum,Transactor,Grocery,122.33,11
1305,202900,EmergingAffluent,Platinum,Transactor,Business,85.04,8
1305,202900,EmergingAffluent,Platinum,Transactor,Auto,97.8,9
1305,202900,EmergingAffluent,Platinum,Transactor,Grocery,113.34,12
1306,202900,EmergingAffluent,Platinum,Transactor,Auto,88.78,9
1306,202900,EmergingAffluent,Platinum,Transactor,Business,93.97,9
1301,296679,Affluent,Platinum,Revolver,Business,58.04,6
1302,296679,Affluent,Platinum,Revolver,Airlines,94.75,10
1302,296679,Affluent,Platinum,Revolver,Business,61.75,6
1302,296679,Affluent,Platinum,Revolver,Personal,31.36,5
1302,296679,Affluent,Platinum,Revolver,Entertainment,47.05,5
1303,296679,Affluent,Platinum,Revolver,Grocery,88.01,10
1303,296679,Affluent,Platinum,Revolver,Business,59.07,8
1303,296679,Affluent,Platinum,Revolver,Entertainment,43.79,4
1304,296679,Affluent,Platinum,Revolver,Airlines,94.65,9
1304,296679,Affluent,Platinum,Revolver,Grocery,89.55,10
1304,296679,Affluent,Platinum,Revolver,Auto,58.73,6
1304,296679,Affluent,Platinum,Revolver,Entertainment,32.54,6
1305,296679,Affluent,Platinum,Revolver,Auto,58.36,7
1305,296679,Affluent,Platinum,Revolver,Personal,27.95,4
1305,296679,Affluent,Platinum,Revolver,Business,54.93,7
1306,296679,Affluent,Platinum,Revolver,Auto,65.76,8
1306,296679,Affluent,Platinum,Revolver,Grocery,105.16,10
1301,301962,EmergingAffluent,Blue,Revolver,Entertainment,13.44,1
1301,301962,EmergingAffluent,Blue,Revolver,Business,15.24,2
1301,301962,EmergingAffluent,Blue,Revolver,Auto,18.11,2
1302,301962,EmergingAffluent,Blue,Revolver,Personal,7.57,2
1303,301962,EmergingAffluent,Blue,Revolver,Grocery,40.08,3
1303,301962,EmergingAffluent,Blue,Revolver,Personal,20.46,3
1303,301962,EmergingAffluent,Blue,Revolver,Business,22.19,2
1303,301962,EmergingAffluent,Blue,Revolver,Airlines,33.1,3
1303,301962,EmergingAffluent,Blue,Revolver,Auto,31.62,3
1304,301962,EmergingAffluent,Blue,Revolver,Auto,14.17,3
1304,301962,EmergingAffluent,Blue,Revolver,Airlines,30.48,3
1304,301962,EmergingAffluent,Blue,Revolver,Personal,11.13,2
1304,301962,EmergingAffluent,Blue,Revolver,Grocery,21.39,3
1305,301962,EmergingAffluent,Blue,Revolver,Auto,19.62,3
1305,301962,EmergingAffluent,Blue,Revolver,Entertainment,9.49,1
1305,301962,EmergingAffluent,Blue,Revolver,Personal,14.12,2
1306,301962,EmergingAffluent,Blue,Revolver,Airlines,30.52,6
1306,301962,EmergingAffluent,Blue,Revolver,Entertainment,9.36,2
1306,301962,EmergingAffluent,Blue,Revolver,Business,13.45,2
1301,313888,MassMarket,Gold,Transactor,Entertainment,16.45,2
1301,313888,MassMarket,Gold,Transactor,Auto,25.54,2
1302,313888,MassMarket,Gold,Transactor,Personal,17.65,3
1302,313888,MassMarket,Gold,Transactor,Grocery,38.62,5
1303,313888,MassMarket,Gold,Transactor,Airlines,36.88,4
1303,313888,MassMarket,Gold,Transactor,Personal,15.35,2
1304,313888,MassMarket,Gold,Transactor,Entertainment,26.24,2
1304,313888,MassMarket,Gold,Transactor,Airlines,31.13,5
1304,313888,MassMarket,Gold,Transactor,Personal,21,2
1305,313888,MassMarket,Gold,Transactor,Grocery,36.74,4
1305,313888,MassMarket,Gold,Transactor,Auto,35.99,4
1305,313888,MassMarket,Gold,Transactor,Entertainment,11.66,2
1306,313888,MassMarket,Gold,Transactor,Airlines,41.43,5
1306,313888,MassMarket,Gold,Transactor,Auto,36.63,4
1301,319129,Affluent,Gold,Transactor,Airlines,109.44,10
1301,319129,Affluent,Gold,Transactor,Auto,67.16,7
1302,319129,Affluent,Gold,Transactor,Airlines,91.01,12
1302,319129,Affluent,Gold,Transactor,Business,68.16,7
1303,319129,Affluent,Gold,Transactor,Airlines,113.21,11
1303,319129,Affluent,Gold,Transactor,Grocery,101.04,11
1304,319129,Affluent,Gold,Transactor,Entertainment,39.47,4
1304,319129,Affluent,Gold,Transactor,Personal,37.06,5
1304,319129,Affluent,Gold,Transactor,Auto,63.45,7
1305,319129,Affluent,Gold,Transactor,Auto,80.97,8
1305,319129,Affluent,Gold,Transactor,Entertainment,33.42,4
1305,319129,Affluent,Gold,Transactor,Personal,33.78,4
1306,319129,Affluent,Gold,Transactor,Auto,74.49,7
1306,319129,Affluent,Gold,Transactor,Business,80.65,8
1306,319129,Affluent,Gold,Transactor,Personal,42.86,5
1306,319129,Affluent,Gold,Transactor,Airlines,105.78,12
1301,327881,EmergingAffluent,Gold,Transactor,Auto,39.68,5
1301,327881,EmergingAffluent,Gold,Transactor,Personal,27.11,3
1301,327881,EmergingAffluent,Gold,Transactor,Airlines,60.24,7
1302,327881,EmergingAffluent,Gold,Transactor,Business,40.56,6
1302,327881,EmergingAffluent,Gold,Transactor,Entertainment,20.43,5
1303,327881,EmergingAffluent,Gold,Transactor,Airlines,68.26,8
1303,327881,EmergingAffluent,Gold,Transactor,Grocery,70.59,8
1303,327881,EmergingAffluent,Gold,Transactor,Personal,26.04,3
1303,327881,EmergingAffluent,Gold,Transactor,Auto,45.59,6
1303,327881,EmergingAffluent,Gold,Transactor,Business,58.53,6
1304,327881,EmergingAffluent,Gold,Transactor,Auto,48.87,5
1304,327881,EmergingAffluent,Gold,Transactor,Personal,30.66,2
1304,327881,EmergingAffluent,Gold,Transactor,Airlines,59.15,9
1305,327881,EmergingAffluent,Gold,Transactor,Personal,31.19,3
1305,327881,EmergingAffluent,Gold,Transactor,Auto,44.54,5
1305,327881,EmergingAffluent,Gold,Transactor,Entertainment,23.36,5
1306,327881,EmergingAffluent,Gold,Transactor,Auto,67.31,5
1306,327881,EmergingAffluent,Gold,Transactor,Personal,40.42,3
1306,327881,EmergingAffluent,Gold,Transactor,Business,58.38,6
1301,360032,EmergingAffluent,Gold,Transactor,Airlines,76.78,8
1301,360032,EmergingAffluent,Gold,Transactor,Business,56.43,5
1301,360032,EmergingAffluent,Gold,Transactor,Grocery,79.38,9
1301,360032,EmergingAffluent,Gold,Transactor,Auto,64.38,6
1302,360032,EmergingAffluent,Gold,Transactor,Grocery,86.05,8
1302,360032,EmergingAffluent,Gold,Transactor,Airlines,75.58,9
1303,360032,EmergingAffluent,Gold,Transactor,Personal,,3
1303,360032,EmergingAffluent,Gold,Transactor,Business,59.57,7
1303,360032,EmergingAffluent,Gold,Transactor,Grocery,82.32,10
1304,360032,EmergingAffluent,Gold,Transactor,Grocery,79.04,8
1304,360032,EmergingAffluent,Gold,Transactor,Personal,29.52,3
1304,360032,EmergingAffluent,Gold,Transactor,Business,55.21,7
1304,360032,EmergingAffluent,Gold,Transactor,Airlines,73.56,8
1304,360032,EmergingAffluent,Gold,Transactor,Auto,61.26,7
1305,360032,EmergingAffluent,Gold,Transactor,Auto,64.59,6
1305,360032,EmergingAffluent,Gold,Transactor,Entertainment,30.58,5
1305,360032,EmergingAffluent,Gold,Transactor,Airlines,80.67,8
1306,360032,EmergingAffluent,Gold,Transactor,Grocery,111.16,10
1306,360032,EmergingAffluent,Gold,Transactor,Business,66.55,6
1301,373790,Affluent,Gold,Transactor,Personal,32.12,5
1301,373790,Affluent,Gold,Transactor,Auto,63.84,6
1302,373790,Affluent,Gold,Transactor,Airlines,94.03,10
1302,373790,Affluent,Gold,Transactor,Entertainment,32.22,4
1302,373790,Affluent,Gold,Transactor,Personal,35.58,4
1303,373790,Affluent,Gold,Transactor,Grocery,110.42,11
1303,373790,Affluent,Gold,Transactor,Airlines,101.26,11
1304,373790,Affluent,Gold,Transactor,Entertainment,42.63,4
1304,373790,Affluent,Gold,Transactor,Grocery,89.67,9
1305,373790,Affluent,Gold,Transactor,Personal,36.36,4
1305,373790,Affluent,Gold,Transactor,Airlines,95.57,10
1305,373790,Affluent,Gold,Transactor,Business,64.16,7
1306,373790,Affluent,Gold,Transactor,Airlines,116.42,13
1306,373790,Affluent,Gold,Transactor,Personal,37.72,4
1301,385784,MassMarket,Blue,Delinquent,Entertainment,9.19,2
1301,385784,MassMarket,Blue,Delinquent,Airlines,6.4,2
1301,385784,MassMarket,Blue,Delinquent,Auto,22.14,2
1302,385784,MassMarket,Blue,Delinquent,Business,5.43,2
1303,385784,MassMarket,Blue,Delinquent,Personal,10.07,1
1303,385784,MassMarket,Blue,Delinquent,Auto,10.42,2
1304,385784,MassMarket,Blue,Delinquent,Business,3.56,1
1304,385784,MassMarket,Blue,Delinquent,Auto,11.89,2
1304,385784,MassMarket,Blue,Delinquent,Grocery,5.34,1
1305,385784,MassMarket,Blue,Delinquent,Auto,7.34,3
1305,385784,MassMarket,Blue,Delinquent,Business,9.27,3
1305,385784,MassMarket,Blue,Delinquent,Personal,10.02,1
1306,385784,MassMarket,Blue,Delinquent,Entertainment,2.31,1
1306,385784,MassMarket,Blue,Delinquent,Business,9.02,1
1301,386435,Affluent,Platinum,Transactor,Grocery,150.06,14
1301,386435,Affluent,Platinum,Transactor,Entertainment,47.18,5
1302,386435,Affluent,Platinum,Transactor,Grocery,137.08,15
1303,386435,Affluent,Platinum,Transactor,Entertainment,50.52,7
1303,386435,Affluent,Platinum,Transactor,Auto,111.56,11
1304,386435,Affluent,Platinum,Transactor,Grocery,137.79,14
1304,386435,Affluent,Platinum,Transactor,Personal,57.43,5
1304,386435,Affluent,Platinum,Transactor,Entertainment,47.06,5
1305,386435,Affluent,Platinum,Transactor,Personal,57.62,6
1305,386435,Affluent,Platinum,Transactor,Auto,92.53,10
1305,386435,Affluent,Platinum,Transactor,Grocery,155.84,16
1306,386435,Affluent,Platinum,Transactor,Airlines,156.7,16
1306,386435,Affluent,Platinum,Transactor,Auto,107.5,11
1306,386435,Affluent,Platinum,Transactor,Personal,56.01,7
1306,386435,Affluent,Platinum,Transactor,Business,117.56,11
1302,408475,HighNetWorth,Platinum,Delinquent,Grocery,63.2,6
1302,408475,HighNetWorth,Platinum,Delinquent,Business,32.29,4
1303,408475,HighNetWorth,Platinum,Delinquent,Airlines,60.53,6
1303,408475,HighNetWorth,Platinum,Delinquent,Entertainment,27.32,3
1303,408475,HighNetWorth,Platinum,Delinquent,Grocery,57.95,6
1304,408475,HighNetWorth,Platinum,Delinquent,Auto,55.08,4
1304,408475,HighNetWorth,Platinum,Delinquent,Business,38.36,3
1304,408475,HighNetWorth,Platinum,Delinquent,Personal,19.97,3
1305,408475,HighNetWorth,Platinum,Delinquent,Grocery,50.29,6
1305,408475,HighNetWorth,Platinum,Delinquent,Business,38.15,5
1305,408475,HighNetWorth,Platinum,Delinquent,Entertainment,20.6,2
1306,408475,HighNetWorth,Platinum,Delinquent,Auto,39.45,4
1306,408475,HighNetWorth,Platinum,Delinquent,Business,40.32,5
1301,438969,HighNetWorth,Gold,OccasionalRevolver,Personal,40.65,4
1301,438969,HighNetWorth,Gold,OccasionalRevolver,Auto,67.04,7
1302,438969,HighNetWorth,Gold,OccasionalRevolver,Grocery,104.37,11
1302,438969,HighNetWorth,Gold,OccasionalRevolver,Airlines,97.25,11
1303,438969,HighNetWorth,Gold,OccasionalRevolver,Grocery,113.71,11
1303,438969,HighNetWorth,Gold,OccasionalRevolver,Entertainment,47.53,4
1303,438969,HighNetWorth,Gold,OccasionalRevolver,Airlines,104.54,11
1303,438969,HighNetWorth,Gold,OccasionalRevolver,Personal,42.39,4
1304,438969,HighNetWorth,Gold,OccasionalRevolver,Entertainment,40.82,4
1304,438969,HighNetWorth,Gold,OccasionalRevolver,Personal,35.3,5
1304,438969,HighNetWorth,Gold,OccasionalRevolver,Airlines,99.23,11
1305,438969,HighNetWorth,Gold,OccasionalRevolver,Airlines,98.75,10
1305,438969,HighNetWorth,Gold,OccasionalRevolver,Personal,34.69,5
1305,438969,HighNetWorth,Gold,OccasionalRevolver,Entertainment,35.23,5
1306,438969,HighNetWorth,Gold,OccasionalRevolver,Grocery,124,12
1301,498841,HighNetWorth,Blue,Revolver,Personal,23.13,2
1301,498841,HighNetWorth,Blue,Revolver,Business,29.3,4
1301,498841,HighNetWorth,Blue,Revolver,Grocery,37.52,5
1302,498841,HighNetWorth,Blue,Revolver,Auto,38.15,3
1302,498841,HighNetWorth,Blue,Revolver,Entertainment,24.56,2
1303,498841,HighNetWorth,Blue,Revolver,Entertainment,17.56,3
1303,498841,HighNetWorth,Blue,Revolver,Business,35.39,4
1303,498841,HighNetWorth,Blue,Revolver,Personal,17.97,2
1303,498841,HighNetWorth,Blue,Revolver,Airlines,50.2,5
1304,498841,HighNetWorth,Blue,Revolver,Airlines,40.07,5
1304,498841,HighNetWorth,Blue,Revolver,Grocery,45.16,4
1305,498841,HighNetWorth,Blue,Revolver,Grocery,38.53,4
1305,498841,HighNetWorth,Blue,Revolver,Personal,12.08,3
1306,498841,HighNetWorth,Blue,Revolver,Personal,18.04,2
1306,498841,HighNetWorth,Blue,Revolver,Business,38.47,4
1306,498841,HighNetWorth,Blue,Revolver,Airlines,54.04,6
1301,506360,EmergingAffluent,Blue,Transactor,Entertainment,15.43,2
1301,506360,EmergingAffluent,Blue,Transactor,Auto,39.08,4
1301,506360,EmergingAffluent,Blue,Transactor,Grocery,40.11,5
1302,506360,EmergingAffluent,Blue,Transactor,Entertainment,33.18,4
1303,506360,EmergingAffluent,Blue,Transactor,Grocery,46.58,5
1303,506360,EmergingAffluent,Blue,Transactor,Business,32.97,4
1303,506360,EmergingAffluent,Blue,Transactor,Auto,29.07,3
1304,506360,EmergingAffluent,Blue,Transactor,Grocery,45.03,5
1304,506360,EmergingAffluent,Blue,Transactor,Business,27.12,4
1305,506360,EmergingAffluent,Blue,Transactor,Entertainment,19.97,3
1305,506360,EmergingAffluent,Blue,Transactor,Business,36.9,3
1305,506360,EmergingAffluent,Blue,Transactor,Grocery,41.06,5
1306,506360,EmergingAffluent,Blue,Transactor,Airlines,48.39,5
1306,506360,EmergingAffluent,Blue,Transactor,Business,31.5,4
1301,513186,HighNetWorth,Blue,Delinquent,Personal,6.02,3
1301,513186,HighNetWorth,Blue,Delinquent,Business,23.37,1
1301,513186,HighNetWorth,Blue,Delinquent,Auto,13.82,1
1302,513186,HighNetWorth,Blue,Delinquent,Auto,20.47,2
1302,513186,HighNetWorth,Blue,Delinquent,Personal,22.58,2
1302,513186,HighNetWorth,Blue,Delinquent,Grocery,23.39,3
1303,513186,HighNetWorth,Blue,Delinquent,Airlines,30.74,3
1303,513186,HighNetWorth,Blue,Delinquent,Entertainment,15.77,3
1303,513186,HighNetWorth,Blue,Delinquent,Business,18.72,2
1303,513186,HighNetWorth,Blue,Delinquent,Grocery,24.42,2
1304,513186,HighNetWorth,Blue,Delinquent,Business,16.16,2
1304,513186,HighNetWorth,Blue,Delinquent,Entertainment,5.96,1
1304,513186,HighNetWorth,Blue,Delinquent,Airlines,15.52,2
1304,513186,HighNetWorth,Blue,Delinquent,Grocery,30.07,4
1304,513186,HighNetWorth,Blue,Delinquent,Personal,4.06,2
1305,513186,HighNetWorth,Blue,Delinquent,Entertainment,12.15,2
1305,513186,HighNetWorth,Blue,Delinquent,Auto,17.33,1
1306,513186,HighNetWorth,Blue,Delinquent,Business,35.4,2
1306,513186,HighNetWorth,Blue,Delinquent,Grocery,19.77,2
1306,513186,HighNetWorth,Blue,Delinquent,Entertainment,13.15,2
1301,522244,Affluent,Gold,Revolver,Grocery,56.58,7
1301,522244,Affluent,Gold,Revolver,Entertainment,27.47,3
1301,522244,Affluent,Gold,Revolver,Auto,38.78,4
1302,522244,Affluent,Gold,Revolver,Auto,49.14,4
1302,522244,Affluent,Gold,Revolver,Personal,20.71,3
1302,522244,Affluent,Gold,Revolver,Grocery,55.48,6
1302,522244,Affluent,Gold,Revolver,Business,39.06,6
1303,522244,Affluent,Gold,Revolver,Entertainment,38.69,3
1303,522244,Affluent,Gold,Revolver,Grocery,64.16,7
1303,522244,Affluent,Gold,Revolver,Airlines,59.56,8
1304,522244,Affluent,Gold,Revolver,Business,35.68,4
1304,522244,Affluent,Gold,Revolver,Auto,39.96,7
1304,522244,Affluent,Gold,Revolver,Entertainment,28.06,4
1305,522244,Affluent,Gold,Revolver,Entertainment,19.7,3
1305,522244,Affluent,Gold,Revolver,Personal,19.14,3
1305,522244,Affluent,Gold,Revolver,Auto,36.35,5
1305,522244,Affluent,Gold,Revolver,Business,50.4,4
1305,522244,Affluent,Gold,Revolver,Airlines,59.91,6
1306,522244,Affluent,Gold,Revolver,Grocery,68.37,7
1306,522244,Affluent,Gold,Revolver,Business,54.14,5
1306,522244,Affluent,Gold,Revolver,Entertainment,31.8,3
1301,528033,MassMarket,Platinum,Revolver,Entertainment,13.83,2
1301,528033,MassMarket,Platinum,Revolver,Personal,15.11,4
1302,528033,MassMarket,Platinum,Revolver,Grocery,34.56,5
1302,528033,MassMarket,Platinum,Revolver,Auto,29.18,3
1302,528033,MassMarket,Platinum,Revolver,Airlines,36.64,4
1303,528033,MassMarket,Platinum,Revolver,Airlines,41.07,7
1303,528033,MassMarket,Platinum,Revolver,Personal,20.63,2
1303,528033,MassMarket,Platinum,Revolver,Business,24.91,4
1303,528033,MassMarket,Platinum,Revolver,Auto,31.95,4
1304,528033,MassMarket,Platinum,Revolver,Entertainment,21.02,2
1304,528033,MassMarket,Platinum,Revolver,Grocery,50.77,4
1305,528033,MassMarket,Platinum,Revolver,Grocery,44.98,4
1305,528033,MassMarket,Platinum,Revolver,Auto,39.93,5
1306,528033,MassMarket,Platinum,Revolver,Personal,13.03,4
1306,528033,MassMarket,Platinum,Revolver,Grocery,55.51,5
1306,528033,MassMarket,Platinum,Revolver,Airlines,47.04,5
1306,528033,MassMarket,Platinum,Revolver,Auto,41.1,4
1301,572130,MassMarket,Platinum,OccasionalRevolver,Auto,24.92,4
1301,572130,MassMarket,Platinum,OccasionalRevolver,Airlines,43.28,6
1302,572130,MassMarket,Platinum,OccasionalRevolver,Airlines,48.29,4
1302,572130,MassMarket,Platinum,OccasionalRevolver,Personal,13.82,2
1303,572130,MassMarket,Platinum,OccasionalRevolver,Business,36.93,5
1304,572130,MassMarket,Platinum,OccasionalRevolver,Personal,20.53,3
1304,572130,MassMarket,Platinum,OccasionalRevolver,Airlines,35.67,5
1304,572130,MassMarket,Platinum,OccasionalRevolver,Grocery,51.1,5
1305,572130,MassMarket,Platinum,OccasionalRevolver,Auto,32.95,3
1306,572130,MassMarket,Platinum,OccasionalRevolver,Auto,36.12,3
1306,572130,MassMarket,Platinum,OccasionalRevolver,Entertainment,25.3,2
1306,572130,MassMarket,Platinum,OccasionalRevolver,Business,41.62,3
1306,572130,MassMarket,Platinum,OccasionalRevolver,Grocery,49.43,5
1301,623061,HighNetWorth,Blue,OccasionalRevolver,Personal,41.8,2
1301,623061,HighNetWorth,Blue,OccasionalRevolver,Business,42.74,4
1302,623061,HighNetWorth,Blue,OccasionalRevolver,Auto,44.6,4
1302,623061,HighNetWorth,Blue,OccasionalRevolver,Entertainment,23.62,2
1302,623061,HighNetWorth,Blue,OccasionalRevolver,Grocery,50.6,6
1303,623061,HighNetWorth,Blue,OccasionalRevolver,Airlines,57.95,6
1303,623061,HighNetWorth,Blue,OccasionalRevolver,Grocery,66.78,6
1303,623061,HighNetWorth,Blue,OccasionalRevolver,Business,46.31,4
1303,623061,HighNetWorth,Blue,OccasionalRevolver,Entertainment,37.2,3
1304,623061,HighNetWorth,Blue,OccasionalRevolver,Grocery,49.24,6
1304,623061,HighNetWorth,Blue,OccasionalRevolver,Personal,22.19,4
1304,623061,HighNetWorth,Blue,OccasionalRevolver,Auto,38.78,4
1305,623061,HighNetWorth,Blue,OccasionalRevolver,Grocery,58.26,5
1305,623061,HighNetWorth,Blue,OccasionalRevolver,Entertainment,22.24,2
1306,623061,HighNetWorth,Blue,OccasionalRevolver,Entertainment,31.12,3
1306,623061,HighNetWorth,Blue,OccasionalRevolver,Personal,46.26,3
1306,623061,HighNetWorth,Blue,OccasionalRevolver,Grocery,62.41,7
1306,623061,HighNetWorth,Blue,OccasionalRevolver,Airlines,55.84,7
1301,643308,MassMarket,Blue,Transactor,Entertainment,14.03,1
1301,643308,MassMarket,Blue,Transactor,Auto,14.13,2
1302,643308,MassMarket,Blue,Transactor,Business,36.61,3
1302,643308,MassMarket,Blue,Transactor,Auto,21.37,3
1302,643308,MassMarket,Blue,Transactor,Grocery,20.81,4
1302,643308,MassMarket,Blue,Transactor,Entertainment,14.5,1
1303,643308,MassMarket,Blue,Transactor,Grocery,44.98,3
1303,643308,MassMarket,Blue,Transactor,Airlines,35.05,2
1303,643308,MassMarket,Blue,Transactor,Business,16.15,2
1304,643308,MassMarket,Blue,Transactor,Personal,15.43,1
1304,643308,MassMarket,Blue,Transactor,Grocery,16.16,3
1304,643308,MassMarket,Blue,Transactor,Auto,18.77,3
1305,643308,MassMarket,Blue,Transactor,Grocery,19.87,2
1305,643308,MassMarket,Blue,Transactor,Entertainment,19.45,1
1306,643308,MassMarket,Blue,Transactor,Entertainment,14.54,3
1306,643308,MassMarket,Blue,Transactor,Auto,22.06,2
1301,649656,EmergingAffluent,Platinum,Transactor,Auto,73.76,8
1301,649656,EmergingAffluent,Platinum,Transactor,Grocery,121.18,13
1301,649656,EmergingAffluent,Platinum,Transactor,Business,82.2,9
1302,649656,EmergingAffluent,Platinum,Transactor,Personal,42.29,5
1302,649656,EmergingAffluent,Platinum,Transactor,Grocery,131.91,13
1303,649656,EmergingAffluent,Platinum,Transactor,Entertainment,46.39,5
1303,649656,EmergingAffluent,Platinum,Transactor,Auto,85.7,9
1303,649656,EmergingAffluent,Platinum,Transactor,Business,85.24,10
1303,649656,EmergingAffluent,Platinum,Transactor,Personal,45.64,5
1303,649656,EmergingAffluent,Platinum,Transactor,Grocery,143.33,13
1304,649656,EmergingAffluent,Platinum,Transactor,Grocery,110.08,13
1304,649656,EmergingAffluent,Platinum,Transactor,Airlines,114.88,11
1304,649656,EmergingAffluent,Platinum,Transactor,Auto,77.82,8
1305,649656,EmergingAffluent,Platinum,Transactor,Personal,39.94,5
1305,649656,EmergingAffluent,Platinum,Transactor,Grocery,126.97,14
1305,649656,EmergingAffluent,Platinum,Transactor,Entertainment,43.83,6
1305,649656,EmergingAffluent,Platinum,Transactor,Airlines,112.97,13
1306,649656,EmergingAffluent,Platinum,Transactor,Entertainment,49.01,6
1306,649656,EmergingAffluent,Platinum,Transactor,Business,96.23,9
1306,649656,EmergingAffluent,Platinum,Transactor,Personal,45.05,5
1306,649656,EmergingAffluent,Platinum,Transactor,Auto,105.11,9
1301,678305,MassMarket,Blue,Revolver,Personal,9.86,1
1301,678305,MassMarket,Blue,Revolver,Grocery,16.35,2
1301,678305,MassMarket,Blue,Revolver,Business,7.64,2
1302,678305,MassMarket,Blue,Revolver,Entertainment,15.95,3
1302,678305,MassMarket,Blue,Revolver,Grocery,30.25,2
1302,678305,MassMarket,Blue,Revolver,Auto,15.03,2
1302,678305,MassMarket,Blue,Revolver,Personal,7.08,1
1303,678305,MassMarket,Blue,Revolver,Entertainment,5.36,2
1303,678305,MassMarket,Blue,Revolver,Airlines,16.81,2
1303,678305,MassMarket,Blue,Revolver,Auto,10.68,2
1304,678305,MassMarket,Blue,Revolver,Entertainment,4.13,1
1305,678305,MassMarket,Blue,Revolver,Airlines,11.85,2
1305,678305,MassMarket,Blue,Revolver,Auto,28.51,1
1305,678305,MassMarket,Blue,Revolver,Business,23.2,2
1306,678305,MassMarket,Blue,Revolver,Personal,8.84,1
1306,678305,MassMarket,Blue,Revolver,Business,16.7,2
1301,682314,Affluent,Blue,Revolver,Personal,20.8,3
1301,682314,Affluent,Blue,Revolver,Grocery,35.83,5
1301,682314,Affluent,Blue,Revolver,Airlines,35.53,6
1302,682314,Affluent,Blue,Revolver,Business,26.82,4
1302,682314,Affluent,Blue,Revolver,Grocery,41.07,5
1303,682314,Affluent,Blue,Revolver,Grocery,37.02,5
1303,682314,Affluent,Blue,Revolver,Business,35.21,3
1303,682314,Affluent,Blue,Revolver,Airlines,36.53,7
1304,682314,Affluent,Blue,Revolver,Airlines,37.03,5
1304,682314,Affluent,Blue,Revolver,Grocery,51.24,4
1304,682314,Affluent,Blue,Revolver,Business,39.72,3
1304,682314,Affluent,Blue,Revolver,Entertainment,15.36,2
1304,682314,Affluent,Blue,Revolver,Personal,11.81,2
1305,682314,Affluent,Blue,Revolver,Grocery,34.74,4
1305,682314,Affluent,Blue,Revolver,Entertainment,15.64,2
1305,682314,Affluent,Blue,Revolver,Personal,14.49,3
1306,682314,Affluent,Blue,Revolver,Grocery,47.24,7
1301,687587,HighNetWorth,Blue,Delinquent,Grocery,14.93,2
1301,687587,HighNetWorth,Blue,Delinquent,Entertainment,5.87,1
1301,687587,HighNetWorth,Blue,Delinquent,Business,15.66,2
1301,687587,HighNetWorth,Blue,Delinquent,Personal,8.96,4
1302,687587,HighNetWorth,Blue,Delinquent,Personal,10.75,1
1302,687587,HighNetWorth,Blue,Delinquent,Auto,16.83,2
1302,687587,HighNetWorth,Blue,Delinquent,Entertainment,8.93,1
1302,687587,HighNetWorth,Blue,Delinquent,Grocery,22.27,2
1303,687587,HighNetWorth,Blue,Delinquent,Airlines,28.28,3
1303,687587,HighNetWorth,Blue,Delinquent,Business,18.88,2
1303,687587,HighNetWorth,Blue,Delinquent,Personal,28.94,1
1303,687587,HighNetWorth,Blue,Delinquent,Grocery,22.02,3
1303,687587,HighNetWorth,Blue,Delinquent,Auto,11.92,2
1303,687587,HighNetWorth,Blue,Delinquent,Entertainment,15.23,3
1304,687587,HighNetWorth,Blue,Delinquent,Entertainment,5.52,1
1304,687587,HighNetWorth,Blue,Delinquent,Airlines,19.18,2
1304,687587,HighNetWorth,Blue,Delinquent,Personal,13.04,3
1305,687587,HighNetWorth,Blue,Delinquent,Auto,13,4
1305,687587,HighNetWorth,Blue,Delinquent,Personal,4.57,2
1305,687587,HighNetWorth,Blue,Delinquent,Entertainment,11.73,2
1306,687587,HighNetWorth,Blue,Delinquent,Grocery,14.06,2
1306,687587,HighNetWorth,Blue,Delinquent,Airlines,22.12,2
1301,698543,Affluent,Gold,Revolver,Grocery,65.84,6
1301,698543,Affluent,Gold,Revolver,Entertainment,28.44,2
1301,698543,Affluent,Gold,Revolver,Business,38.55,4
1302,698543,Affluent,Gold,Revolver,Grocery,54.16,6
1302,698543,Affluent,Gold,Revolver,Business,36.51,4
1302,698543,Affluent,Gold,Revolver,Entertainment,26.99,3
1304,698543,Affluent,Gold,Revolver,Grocery,58.67,7
1304,698543,Affluent,Gold,Revolver,Personal,22.76,3
1304,698543,Affluent,Gold,Revolver,Airlines,52.5,8
1304,698543,Affluent,Gold,Revolver,Auto,48.01,5
1305,698543,Affluent,Gold,Revolver,Business,44.72,4
1305,698543,Affluent,Gold,Revolver,Auto,53.44,6
1305,698543,Affluent,Gold,Revolver,Grocery,69.23,6
1306,698543,Affluent,Gold,Revolver,Business,43.77,7
1306,698543,Affluent,Gold,Revolver,Personal,23.66,3
1306,698543,Affluent,Gold,Revolver,Grocery,66.22,8
1306,698543,Affluent,Gold,Revolver,Entertainment,37.5,3
1301,729724,MassMarket,Blue,Delinquent,Airlines,25.12,3
1301,729724,MassMarket,Blue,Delinquent,Business,2.95,1
1301,729724,MassMarket,Blue,Delinquent,Personal,11.41,1
1301,729724,MassMarket,Blue,Delinquent,Auto,15.1,2
1302,729724,MassMarket,Blue,Delinquent,Business,5.5,1
1302,729724,MassMarket,Blue,Delinquent,Personal,4.34,2
1303,729724,MassMarket,Blue,Delinquent,Business,22.03,2
1303,729724,MassMarket,Blue,Delinquent,Grocery,10.66,1
1303,729724,MassMarket,Blue,Delinquent,Entertainment,10.55,1
1304,729724,MassMarket,Blue,Delinquent,Business,15.51,1
1304,729724,MassMarket,Blue,Delinquent,Personal,9.31,1
1305,729724,MassMarket,Blue,Delinquent,Grocery,4.96,1
1305,729724,MassMarket,Blue,Delinquent,Business,5.09,3
1305,729724,MassMarket,Blue,Delinquent,Airlines,16.58,2
1306,729724,MassMarket,Blue,Delinquent,Personal,14.77,1
1306,729724,MassMarket,Blue,Delinquent,Business,17.88,1
1306,729724,MassMarket,Blue,Delinquent,Grocery,11.81,2
1306,729724,MassMarket,Blue,Delinquent,Auto,11.78,3
1301,749391,EmergingAffluent,Platinum,Revolver,Auto,49.52,5
1301,749391,EmergingAffluent,Platinum,Revolver,Business,45.45,6
1301,749391,EmergingAffluent,Platinum,Revolver,Grocery,74.72,7
1302,749391,EmergingAffluent,Platinum,Revolver,Business,52.08,5
1302,749391,EmergingAffluent,Platinum,Revolver,Grocery,81.27,10
1302,749391,EmergingAffluent,Platinum,Revolver,Airlines,79.65,8
1303,749391,EmergingAffluent,Platinum,Revolver,Airlines,80.52,9
1303,749391,EmergingAffluent,Platinum,Revolver,Auto,58.12,7
1303,749391,EmergingAffluent,Platinum,Revolver,Entertainment,24.45,4
1304,749391,EmergingAffluent,Platinum,Revolver,Auto,47.9,5
1305,749391,EmergingAffluent,Platinum,Revolver,Grocery,70.73,8
1306,749391,EmergingAffluent,Platinum,Revolver,Grocery,93.86,9
1306,749391,EmergingAffluent,Platinum,Revolver,Personal,27.42,4
1306,749391,EmergingAffluent,Platinum,Revolver,Auto,57.92,6
1301,860567,Affluent,Gold,OccasionalRevolver,Business,57.96,9
1301,860567,Affluent,Gold,OccasionalRevolver,Personal,33.92,5
1301,860567,Affluent,Gold,OccasionalRevolver,Entertainment,40.19,4
1301,860567,Affluent,Gold,OccasionalRevolver,Airlines,99.81,9
1301,860567,Affluent,Gold,OccasionalRevolver,Grocery,96.15,10
1302,860567,Affluent,Gold,OccasionalRevolver,Airlines,100.57,10
1302,860567,Affluent,Gold,OccasionalRevolver,Auto,79.94,8
1302,860567,Affluent,Gold,OccasionalRevolver,Entertainment,51.27,4
1303,860567,Affluent,Gold,OccasionalRevolver,Auto,65.99,8
1303,860567,Affluent,Gold,OccasionalRevolver,Personal,38.11,5
1304,860567,Affluent,Gold,OccasionalRevolver,Airlines,97.75,10
1304,860567,Affluent,Gold,OccasionalRevolver,Personal,29.3,4
1304,860567,Affluent,Gold,OccasionalRevolver,Entertainment,36.67,4
1304,860567,Affluent,Gold,OccasionalRevolver,Grocery,99.39,10
1305,860567,Affluent,Gold,OccasionalRevolver,Business,62.06,7
1305,860567,Affluent,Gold,OccasionalRevolver,Grocery,98.49,10
1306,860567,Affluent,Gold,OccasionalRevolver,Business,79,8
1306,860567,Affluent,Gold,OccasionalRevolver,Airlines,116.13,11
1306,860567,Affluent,Gold,OccasionalRevolver,Entertainment,51.68,5
1301,876315,MassMarket,Platinum,OccasionalRevolver,Grocery,49.11,6
1301,876315,MassMarket,Platinum,OccasionalRevolver,Auto,38.28,4
1302,876315,MassMarket,Platinum,OccasionalRevolver,Auto,33.75,4
1302,876315,MassMarket,Platinum,OccasionalRevolver,Entertainment,21.38,3
1303,876315,MassMarket,Platinum,OccasionalRevolver,Airlines,53.16,6
1303,876315,MassMarket,Platinum,OccasionalRevolver,Entertainment,23.27,2
1303,876315,MassMarket,Platinum,OccasionalRevolver,Personal,18.65,3
1304,876315,MassMarket,Platinum,OccasionalRevolver,Business,39.42,4
1304,876315,MassMarket,Platinum,OccasionalRevolver,Auto,33.08,3
1304,876315,MassMarket,Platinum,OccasionalRevolver,Airlines,51.94,6
1304,876315,MassMarket,Platinum,OccasionalRevolver,Entertainment,29.73,3
1305,876315,MassMarket,Platinum,OccasionalRevolver,Personal,18.36,2
1305,876315,MassMarket,Platinum,OccasionalRevolver,Business,41.47,5
1305,876315,MassMarket,Platinum,OccasionalRevolver,Auto,44.59,4
1306,876315,MassMarket,Platinum,OccasionalRevolver,Personal,32.75,2
1306,876315,MassMarket,Platinum,OccasionalRevolver,Entertainment,25.92,4
1301,904699,EmergingAffluent,Gold,Revolver,Entertainment,12.02,2
1301,904699,EmergingAffluent,Gold,Revolver,Business,27.12,4
1302,904699,EmergingAffluent,Gold,Revolver,Entertainment,19.4,3
1302,904699,EmergingAffluent,Gold,Revolver,Business,37.75,3
1302,904699,EmergingAffluent,Gold,Revolver,Personal,20.93,2
1303,904699,EmergingAffluent,Gold,Revolver,Entertainment,14.21,4
1303,904699,EmergingAffluent,Gold,Revolver,Business,41.28,3
1303,904699,EmergingAffluent,Gold,Revolver,Airlines,45.08,6
1303,904699,EmergingAffluent,Gold,Revolver,Personal,16.02,3
1303,904699,EmergingAffluent,Gold,Revolver,Auto,38.96,5
1304,904699,EmergingAffluent,Gold,Revolver,Personal,14.68,3
1304,904699,EmergingAffluent,Gold,Revolver,Business,35.23,3
1305,904699,EmergingAffluent,Gold,Revolver,Airlines,43.18,5
1305,904699,EmergingAffluent,Gold,Revolver,Personal,13.39,3
1306,904699,EmergingAffluent,Gold,Revolver,Auto,35.36,5
1306,904699,EmergingAffluent,Gold,Revolver,Personal,26.8,3
1301,935356,Affluent,Blue,Delinquent,Airlines,30.02,3
1301,935356,Affluent,Blue,Delinquent,Auto,21.64,2
1301,935356,Affluent,Blue,Delinquent,Grocery,11.28,2
1302,935356,Affluent,Blue,Delinquent,Grocery,14.34,2
1302,935356,Affluent,Blue,Delinquent,Airlines,12.55,3
1303,935356,Affluent,Blue,Delinquent,Entertainment,16.46,1
1304,935356,Affluent,Blue,Delinquent,Entertainment,13.21,1
1304,935356,Affluent,Blue,Delinquent,Grocery,14.78,2
1304,935356,Affluent,Blue,Delinquent,Business,11.2,2
1305,935356,Affluent,Blue,Delinquent,Auto,19.49,3
1305,935356,Affluent,Blue,Delinquent,Entertainment,16.4,1
1306,935356,Affluent,Blue,Delinquent,Auto,16.07,2
1306,935356,Affluent,Blue,Delinquent,Personal,9.75,2
1301,949452,Affluent,Gold,Revolver,Personal,24.1,3
1301,949452,Affluent,Gold,Revolver,Business,58.19,5
1302,949452,Affluent,Gold,Revolver,Personal,28.38,4
1302,949452,Affluent,Gold,Revolver,Airlines,82.77,8
1302,949452,Affluent,Gold,Revolver,Grocery,69.05,8
1303,949452,Affluent,Gold,Revolver,Grocery,76.12,8
1303,949452,Affluent,Gold,Revolver,Airlines,79.06,8
1303,949452,Affluent,Gold,Revolver,Entertainment,30.24,3
1304,949452,Affluent,Gold,Revolver,Grocery,96.01,7
1304,949452,Affluent,Gold,Revolver,Entertainment,29.91,3
1305,949452,Affluent,Gold,Revolver,Airlines,74.88,9
1305,949452,Affluent,Gold,Revolver,Personal,29.4,3
1305,949452,Affluent,Gold,Revolver,Grocery,81.53,8
1306,949452,Affluent,Gold,Revolver,Airlines,81.2,8
1306,949452,Affluent,Gold,Revolver,Grocery,83.34,8
1301,997532,EmergingAffluent,Blue,OccasionalRevolver,Airlines,33.41,5
1301,997532,EmergingAffluent,Blue,OccasionalRevolver,Entertainment,19.37,2
1302,997532,EmergingAffluent,Blue,OccasionalRevolver,Personal,15.84,3
1302,997532,EmergingAffluent,Blue,OccasionalRevolver,Entertainment,14.58,2
1303,997532,EmergingAffluent,Blue,OccasionalRevolver,Entertainment,16.54,2
1303,997532,EmergingAffluent,Blue,OccasionalRevolver,Airlines,37.84,5
1303,997532,EmergingAffluent,Blue,OccasionalRevolver,Auto,24.47,4
1304,997532,EmergingAffluent,Blue,OccasionalRevolver,Entertainment,18.27,2
1304,997532,EmergingAffluent,Blue,OccasionalRevolver,Personal,11.81,2
1304,997532,EmergingAffluent,Blue,OccasionalRevolver,Airlines,33.42,4
1304,997532,EmergingAffluent,Blue,OccasionalRevolver,Grocery,40.77,5
1305,997532,EmergingAffluent,Blue,OccasionalRevolver,Personal,22.44,3
1305,997532,EmergingAffluent,Blue,OccasionalRevolver,Grocery,34.18,5
1305,997532,EmergingAffluent,Blue,OccasionalRevolver,Airlines,44.28,4
1305,997532,EmergingAffluent,Blue,OccasionalRevolver,Auto,30.8,4
1305,997532,EmergingAffluent,Blue,OccasionalRevolver,Entertainment,10.68,3
1306,997532,EmergingAffluent,Blue,OccasionalRevolver,Airlines,35.64,5
1306,997532,EmergingAffluent,Blue,OccasionalRevolver,Business,32.16,4
1306,997532,EmergingAffluent,Blue,OccasionalRevolver,Personal,14.15,2
1306,997532,EmergingAffluent,Blue,OccasionalRevolver,Auto,24.62,4
1306,997532,EmergingAffluent,Blue,OccasionalRevolver,Grocery,43.37,5
1301,1005574,EmergingAffluent,Blue,OccasionalRevolver,Personal,24.65,2
1301,1005574,EmergingAffluent,Blue,OccasionalRevolver,Business,21.51,4
1302,1005574,EmergingAffluent,Blue,OccasionalRevolver,Airlines,32.13,4
1302,1005574,EmergingAffluent,Blue,OccasionalRevolver,Auto,20.15,3
1302,1005574,EmergingAffluent,Blue,OccasionalRevolver,Entertainment,21.05,2
1302,1005574,EmergingAffluent,Blue,OccasionalRevolver,Personal,15.24,3
1303,1005574,EmergingAffluent,Blue,OccasionalRevolver,Business,29.59,3
1303,1005574,EmergingAffluent,Blue,OccasionalRevolver,Personal,20.79,3
1303,1005574,EmergingAffluent,Blue,OccasionalRevolver,Entertainment,16.71,2
1304,1005574,EmergingAffluent,Blue,OccasionalRevolver,Business,21.19,3
1304,1005574,EmergingAffluent,Blue,OccasionalRevolver,Entertainment,19.3,2
1304,1005574,EmergingAffluent,Blue,OccasionalRevolver,Auto,21.33,3
1305,1005574,EmergingAffluent,Blue,OccasionalRevolver,Entertainment,33.04,2
1305,1005574,EmergingAffluent,Blue,OccasionalRevolver,Grocery,34.67,4
1305,1005574,EmergingAffluent,Blue,OccasionalRevolver,Airlines,39.94,6
1306,1005574,EmergingAffluent,Blue,OccasionalRevolver,Entertainment,25.63,2
1306,1005574,EmergingAffluent,Blue,OccasionalRevolver,Grocery,46.55,5
1306,1005574,EmergingAffluent,Blue,OccasionalRevolver,Business,24.34,4
1306,1005574,EmergingAffluent,Blue,OccasionalRevolver,Auto,25.59,3
1301,1028077,HighNetWorth,Gold,Revolver,Personal,29.12,4
1301,1028077,HighNetWorth,Gold,Revolver,Airlines,93.05,11
1301,1028077,HighNetWorth,Gold,Revolver,Entertainment,42.47,5
1302,1028077,HighNetWorth,Gold,Revolver,Personal,30.97,4
1302,1028077,HighNetWorth,Gold,Revolver,Entertainment,38.63,4
1303,1028077,HighNetWorth,Gold,Revolver,Airlines,103.59,11
1303,1028077,HighNetWorth,Gold,Revolver,Auto,75.18,8
1303,1028077,HighNetWorth,Gold,Revolver,Entertainment,44.7,4
1304,1028077,HighNetWorth,Gold,Revolver,Airlines,96.04,10
1304,1028077,HighNetWorth,Gold,Revolver,Grocery,103.71,10
1305,1028077,HighNetWorth,Gold,Revolver,Personal,49.86,4
1305,1028077,HighNetWorth,Gold,Revolver,Auto,64.25,7
1306,1028077,HighNetWorth,Gold,Revolver,Airlines,105.25,12
1306,1028077,HighNetWorth,Gold,Revolver,Auto,75.21,7
1301,1057770,EmergingAffluent,Gold,Transactor,Business,48.29,5
1301,1057770,EmergingAffluent,Gold,Transactor,Airlines,77.92,7
1301,1057770,EmergingAffluent,Gold,Transactor,Entertainment,38.31,3
1302,1057770,EmergingAffluent,Gold,Transactor,Personal,24.11,3
1302,1057770,EmergingAffluent,Gold,Transactor,Airlines,75.56,9
1303,1057770,EmergingAffluent,Gold,Transactor,Airlines,70.38,8
1303,1057770,EmergingAffluent,Gold,Transactor,Auto,52.29,6
1304,1057770,EmergingAffluent,Gold,Transactor,Grocery,64.36,7
1304,1057770,EmergingAffluent,Gold,Transactor,Business,44.83,4
1304,1057770,EmergingAffluent,Gold,Transactor,Airlines,70.38,8
1305,1057770,EmergingAffluent,Gold,Transactor,Entertainment,29.46,4
1305,1057770,EmergingAffluent,Gold,Transactor,Grocery,62.09,9
1306,1057770,EmergingAffluent,Gold,Transactor,Grocery,72.45,7
1306,1057770,EmergingAffluent,Gold,Transactor,Personal,50.22,3
1306,1057770,EmergingAffluent,Gold,Transactor,Entertainment,32.43,4
1306,1057770,EmergingAffluent,Gold,Transactor,Airlines,72.33,9
1301,1061322,EmergingAffluent,Platinum,Delinquent,Personal,16.92,2
1301,1061322,EmergingAffluent,Platinum,Delinquent,Business,27.63,3
1301,1061322,EmergingAffluent,Platinum,Delinquent,Auto,27.35,3
1302,1061322,EmergingAffluent,Platinum,Delinquent,Airlines,29.18,4
1302,1061322,EmergingAffluent,Platinum,Delinquent,Personal,8.45,2
1303,1061322,EmergingAffluent,Platinum,Delinquent,Airlines,26.05,4
1303,1061322,EmergingAffluent,Platinum,Delinquent,Auto,19.36,3
1304,1061322,EmergingAffluent,Platinum,Delinquent,Auto,23.96,3
1304,1061322,EmergingAffluent,Platinum,Delinquent,Personal,21.17,2
1305,1061322,EmergingAffluent,Platinum,Delinquent,Entertainment,11.35,2
1305,1061322,EmergingAffluent,Platinum,Delinquent,Grocery,24.76,3
1305,1061322,EmergingAffluent,Platinum,Delinquent,Personal,11.67,3
1305,1061322,EmergingAffluent,Platinum,Delinquent,Airlines,44.39,4
1306,1061322,EmergingAffluent,Platinum,Delinquent,Entertainment,10.62,1
1306,1061322,EmergingAffluent,Platinum,Delinquent,Personal,13.66,2
1306,1061322,EmergingAffluent,Platinum,Delinquent,Grocery,29.71,4
1301,1067047,Affluent,Gold,Revolver,Grocery,54.23,6
1301,1067047,Affluent,Gold,Revolver,Entertainment,30.94,5
1301,1067047,Affluent,Gold,Revolver,Personal,24.31,4
1302,1067047,Affluent,Gold,Revolver,Entertainment,20.98,3
1302,1067047,Affluent,Gold,Revolver,Business,36.81,4
1302,1067047,Affluent,Gold,Revolver,Personal,25.11,3
1302,1067047,Affluent,Gold,Revolver,Airlines,54.9,7
1303,1067047,Affluent,Gold,Revolver,Business,43.16,5
1303,1067047,Affluent,Gold,Revolver,Auto,50.28,5
1303,1067047,Affluent,Gold,Revolver,Personal,24.61,4
1303,1067047,Affluent,Gold,Revolver,Grocery,74.22,7
1304,1067047,Affluent,Gold,Revolver,Personal,32.26,4
1304,1067047,Affluent,Gold,Revolver,Entertainment,23.42,2
1304,1067047,Affluent,Gold,Revolver,Business,37.08,5
1304,1067047,Affluent,Gold,Revolver,Auto,42.2,5
1305,1067047,Affluent,Gold,Revolver,Grocery,57.51,7
1305,1067047,Affluent,Gold,Revolver,Entertainment,32.82,6
1306,1067047,Affluent,Gold,Revolver,Grocery,65.74,7
1301,1067610,Affluent,Blue,Transactor,Airlines,53.67,6
1301,1067610,Affluent,Blue,Transactor,Entertainment,15.05,2
1301,1067610,Affluent,Blue,Transactor,Business,42.05,6
1301,1067610,Affluent,Blue,Transactor,Auto,53.17,4
1302,1067610,Affluent,Blue,Transactor,Entertainment,15.68,3
1302,1067610,Affluent,Blue,Transactor,Auto,35.16,6
1302,1067610,Affluent,Blue,Transactor,Personal,23.43,3
1303,1067610,Affluent,Blue,Transactor,Auto,34.82,4
1303,1067610,Affluent,Blue,Transactor,Grocery,57.91,6
1303,1067610,Affluent,Blue,Transactor,Personal,23.07,4
1303,1067610,Affluent,Blue,Transactor,Business,37.45,4
1304,1067610,Affluent,Blue,Transactor,Business,32.13,4
1304,1067610,Affluent,Blue,Transactor,Entertainment,24.7,4
1304,1067610,Affluent,Blue,Transactor,Grocery,52.8,6
1305,1067610,Affluent,Blue,Transactor,Airlines,65.48,6
1305,1067610,Affluent,Blue,Transactor,Entertainment,16.5,3
1305,1067610,Affluent,Blue,Transactor,Personal,18.59,2
1306,1067610,Affluent,Blue,Transactor,Auto,36.63,5
1306,1067610,Affluent,Blue,Transactor,Personal,17.74,4
1301,1082594,Affluent,Platinum,Delinquent,Personal,13.17,3
1301,1082594,Affluent,Platinum,Delinquent,Business,25.55,4
1301,1082594,Affluent,Platinum,Delinquent,Airlines,33.85,4
1301,1082594,Affluent,Platinum,Delinquent,Auto,28.68,4
1302,1082594,Affluent,Platinum,Delinquent,Entertainment,18.84,3
1302,1082594,Affluent,Platinum,Delinquent,Personal,38.41,2
1303,1082594,Affluent,Platinum,Delinquent,Business,50.99,4
1303,1082594,Affluent,Platinum,Delinquent,Personal,15.76,3
1304,1082594,Affluent,Platinum,Delinquent,Airlines,36.51,4
1304,1082594,Affluent,Platinum,Delinquent,Auto,22.08,5
1304,1082594,Affluent,Platinum,Delinquent,Personal,20.53,2
1305,1082594,Affluent,Platinum,Delinquent,Airlines,37.19,5
1305,1082594,Affluent,Platinum,Delinquent,Personal,14.59,3
1306,1082594,Affluent,Platinum,Delinquent,Airlines,41.63,5
1306,1082594,Affluent,Platinum,Delinquent,Business,28.76,3
1306,1082594,Affluent,Platinum,Delinquent,Entertainment,14.2,3
1306,1082594,Affluent,Platinum,Delinquent,Personal,12.76,2
1301,1100961,EmergingAffluent,Platinum,Revolver,Entertainment,37.07,3
1301,1100961,EmergingAffluent,Platinum,Revolver,Grocery,66.43,7
1301,1100961,EmergingAffluent,Platinum,Revolver,Business,56.69,5
1302,1100961,EmergingAffluent,Platinum,Revolver,Grocery,69.45,8
1302,1100961,EmergingAffluent,Platinum,Revolver,Auto,47.21,5
1302,1100961,EmergingAffluent,Platinum,Revolver,Business,50.86,5
1302,1100961,EmergingAffluent,Platinum,Revolver,Personal,42.4,3
1302,1100961,EmergingAffluent,Platinum,Revolver,Entertainment,35.31,3
1303,1100961,EmergingAffluent,Platinum,Revolver,Entertainment,43.47,3
1303,1100961,EmergingAffluent,Platinum,Revolver,Personal,35.84,4
1303,1100961,EmergingAffluent,Platinum,Revolver,Business,55.53,6
1303,1100961,EmergingAffluent,Platinum,Revolver,Grocery,78.4,9
1304,1100961,EmergingAffluent,Platinum,Revolver,Grocery,66.68,8
1304,1100961,EmergingAffluent,Platinum,Revolver,Business,46.24,6
1305,1100961,EmergingAffluent,Platinum,Revolver,Auto,56.53,5
1305,1100961,EmergingAffluent,Platinum,Revolver,Entertainment,25.19,3
1305,1100961,EmergingAffluent,Platinum,Revolver,Airlines,78.76,8
1306,1100961,EmergingAffluent,Platinum,Revolver,Personal,39.67,4
1306,1100961,EmergingAffluent,Platinum,Revolver,Entertainment,41.92,6
1301,1113544,EmergingAffluent,Blue,Transactor,Entertainment,9.74,2
1301,1113544,EmergingAffluent,Blue,Transactor,Auto,22.83,2
1301,1113544,EmergingAffluent,Blue,Transactor,Airlines,40.27,4
1301,1113544,EmergingAffluent,Blue,Transactor,Personal,20.88,2
1302,1113544,EmergingAffluent,Blue,Transactor,Business,31.92,3
1302,1113544,EmergingAffluent,Blue,Transactor,Airlines,38.67,4
1302,1113544,EmergingAffluent,Blue,Transactor,Personal,21.81,2
1303,1113544,EmergingAffluent,Blue,Transactor,Grocery,35.13,5
1304,1113544,EmergingAffluent,Blue,Transactor,Auto,30.44,3
1304,1113544,EmergingAffluent,Blue,Transactor,Business,22.18,4
1304,1113544,EmergingAffluent,Blue,Transactor,Grocery,32.96,4
1305,1113544,EmergingAffluent,Blue,Transactor,Grocery,36.73,4
1305,1113544,EmergingAffluent,Blue,Transactor,Auto,21.32,4
1305,1113544,EmergingAffluent,Blue,Transactor,Entertainment,15.8,2
1305,1113544,EmergingAffluent,Blue,Transactor,Personal,26.05,2
1305,1113544,EmergingAffluent,Blue,Transactor,Business,29.51,3
1306,1113544,EmergingAffluent,Blue,Transactor,Grocery,36.89,6
1306,1113544,EmergingAffluent,Blue,Transactor,Personal,12.38,2
1306,1113544,EmergingAffluent,Blue,Transactor,Entertainment,16.29,2
1306,1113544,EmergingAffluent,Blue,Transactor,Airlines,34.61,5
1301,1151008,MassMarket,Blue,Revolver,Personal,16.14,2
1301,1151008,MassMarket,Blue,Revolver,Airlines,21.75,3
1301,1151008,MassMarket,Blue,Revolver,Entertainment,19.34,1
1301,1151008,MassMarket,Blue,Revolver,Auto,8.39,3
1302,1151008,MassMarket,Blue,Revolver,Airlines,13.36,2
1302,1151008,MassMarket,Blue,Revolver,Entertainment,10.17,1
1302,1151008,MassMarket,Blue,Revolver,Grocery,13.24,2
1303,1151008,MassMarket,Blue,Revolver,Grocery,19.11,3
1303,1151008,MassMarket,Blue,Revolver,Auto,19.71,1
1303,1151008,MassMarket,Blue,Revolver,Personal,8.69,2
1303,1151008,MassMarket,Blue,Revolver,Business,15.61,3
1304,1151008,MassMarket,Blue,Revolver,Airlines,13.07,4
1304,1151008,MassMarket,Blue,Revolver,Business,9.14,2
1305,1151008,MassMarket,Blue,Revolver,Business,19.61,3
1305,1151008,MassMarket,Blue,Revolver,Auto,8.92,1
1306,1151008,MassMarket,Blue,Revolver,Grocery,21.88,3
1306,1151008,MassMarket,Blue,Revolver,Auto,20.57,3
1306,1151008,MassMarket,Blue,Revolver,Personal,23.63,1
1306,1151008,MassMarket,Blue,Revolver,Business,19.26,2
1306,1151008,MassMarket,Blue,Revolver,Entertainment,7.56,3
1301,1158833,Affluent,Platinum,OccasionalRevolver,Business,87.36,9
1301,1158833,Affluent,Platinum,OccasionalRevolver,Auto,91.52,10
1302,1158833,Affluent,Platinum,OccasionalRevolver,Business,96.34,10
1302,1158833,Affluent,Platinum,OccasionalRevolver,Personal,58.94,7
1302,1158833,Affluent,Platinum,OccasionalRevolver,Airlines,141.65,14
1303,1158833,Affluent,Platinum,OccasionalRevolver,Auto,99,12
1303,1158833,Affluent,Platinum,OccasionalRevolver,Airlines,152.69,16
1303,1158833,Affluent,Platinum,OccasionalRevolver,Grocery,154.89,15
1304,1158833,Affluent,Platinum,OccasionalRevolver,Auto,93.7,10
1304,1158833,Affluent,Platinum,OccasionalRevolver,Grocery,129.6,14
1305,1158833,Affluent,Platinum,OccasionalRevolver,Airlines,143.15,15
1305,1158833,Affluent,Platinum,OccasionalRevolver,Business,92.05,10
1305,1158833,Affluent,Platinum,OccasionalRevolver,Grocery,146.23,15
1305,1158833,Affluent,Platinum,OccasionalRevolver,Personal,54.77,5
1306,1158833,Affluent,Platinum,OccasionalRevolver,Business,111.6,11
1306,1158833,Affluent,Platinum,OccasionalRevolver,Entertainment,54.48,7
1306,1158833,Affluent,Platinum,OccasionalRevolver,Personal,65.5,6
1301,1165234,HighNetWorth,Platinum,OccasionalRevolver,Business,101.01,11
1301,1165234,HighNetWorth,Platinum,OccasionalRevolver,Grocery,147.49,15
1301,1165234,HighNetWorth,Platinum,OccasionalRevolver,Auto,100.38,10
1302,1165234,HighNetWorth,Platinum,OccasionalRevolver,Personal,55.12,5
1302,1165234,HighNetWorth,Platinum,OccasionalRevolver,Business,106.65,10
1302,1165234,HighNetWorth,Platinum,OccasionalRevolver,Entertainment,53.59,8
1303,1165234,HighNetWorth,Platinum,OccasionalRevolver,Grocery,174.48,17
1303,1165234,HighNetWorth,Platinum,OccasionalRevolver,Personal,57.89,6
1303,1165234,HighNetWorth,Platinum,OccasionalRevolver,Auto,104.64,11
1303,1165234,HighNetWorth,Platinum,OccasionalRevolver,Business,121.4,12
1304,1165234,HighNetWorth,Platinum,OccasionalRevolver,Personal,57.98,5
1304,1165234,HighNetWorth,Platinum,OccasionalRevolver,Auto,97.36,11
1305,1165234,HighNetWorth,Platinum,OccasionalRevolver,Airlines,145.68,17
1305,1165234,HighNetWorth,Platinum,OccasionalRevolver,Personal,49.56,6
1306,1165234,HighNetWorth,Platinum,OccasionalRevolver,Grocery,173.53,17
1306,1165234,HighNetWorth,Platinum,OccasionalRevolver,Airlines,167.74,17
1306,1165234,HighNetWorth,Platinum,OccasionalRevolver,Business,115.06,12
1306,1165234,HighNetWorth,Platinum,OccasionalRevolver,Entertainment,81.13,6
1306,1165234,HighNetWorth,Platinum,OccasionalRevolver,Personal,63.98,8
1301,1177562,Affluent,Blue,OccasionalRevolver,Personal,23.77,2
1301,1177562,Affluent,Blue,OccasionalRevolver,Grocery,55.34,5
1301,1177562,Affluent,Blue,OccasionalRevolver,Airlines,55.39,6
1301,1177562,Affluent,Blue,OccasionalRevolver,Business,37.75,4
1302,1177562,Affluent,Blue,OccasionalRevolver,Personal,19.69,3
1302,1177562,Affluent,Blue,OccasionalRevolver,Entertainment,18.39,2
1302,1177562,Affluent,Blue,OccasionalRevolver,Airlines,54.82,5
1302,1177562,Affluent,Blue,OccasionalRevolver,Business,33.69,5
1302,1177562,Affluent,Blue,OccasionalRevolver,Grocery,49.42,6
1303,1177562,Affluent,Blue,OccasionalRevolver,Personal,17.24,2
1303,1177562,Affluent,Blue,OccasionalRevolver,Grocery,53.53,7
1303,1177562,Affluent,Blue,OccasionalRevolver,Entertainment,19.81,3
1304,1177562,Affluent,Blue,OccasionalRevolver,Personal,39.35,2
1304,1177562,Affluent,Blue,OccasionalRevolver,Airlines,59.11,5
1304,1177562,Affluent,Blue,OccasionalRevolver,Grocery,49.03,6
1304,1177562,Affluent,Blue,OccasionalRevolver,Business,34.52,4
1305,1177562,Affluent,Blue,OccasionalRevolver,Auto,49.5,4
1305,1177562,Affluent,Blue,OccasionalRevolver,Grocery,60.11,6
1305,1177562,Affluent,Blue,OccasionalRevolver,Airlines,54.79,5
1306,1177562,Affluent,Blue,OccasionalRevolver,Personal,30.21,3
1306,1177562,Affluent,Blue,OccasionalRevolver,Airlines,50.6,6
1301,1193918,EmergingAffluent,Blue,Delinquent,Personal,2.24,3
1301,1193918,EmergingAffluent,Blue,Delinquent,Grocery,7.04,2
1302,1193918,EmergingAffluent,Blue,Delinquent,Business,14.17,3
1302,1193918,EmergingAffluent,Blue,Delinquent,Grocery,7.64,2
1302,1193918,EmergingAffluent,Blue,Delinquent,Airlines,9.39,2
1303,1193918,EmergingAffluent,Blue,Delinquent,Business,8.71,1
1303,1193918,EmergingAffluent,Blue,Delinquent,Entertainment,9.72,1
1303,1193918,EmergingAffluent,Blue,Delinquent,Personal,22.13,1
1304,1193918,EmergingAffluent,Blue,Delinquent,Grocery,7.48,1
1304,1193918,EmergingAffluent,Blue,Delinquent,Auto,4.74,2
1304,1193918,EmergingAffluent,Blue,Delinquent,Personal,16.16,2
1304,1193918,EmergingAffluent,Blue,Delinquent,Business,5.32,2
1305,1193918,EmergingAffluent,Blue,Delinquent,Airlines,10.17,2
1305,1193918,EmergingAffluent,Blue,Delinquent,Auto,14.01,2
1305,1193918,EmergingAffluent,Blue,Delinquent,Grocery,22.02,2
1305,1193918,EmergingAffluent,Blue,Delinquent,Entertainment,6.66,1
1306,1193918,EmergingAffluent,Blue,Delinquent,Personal,12.16,2
1306,1193918,EmergingAffluent,Blue,Delinquent,Auto,10.16,1
1306,1193918,EmergingAffluent,Blue,Delinquent,Airlines,8.01,4
1301,1206561,Affluent,Blue,OccasionalRevolver,Airlines,44.16,4
1301,1206561,Affluent,Blue,OccasionalRevolver,Auto,24.46,3
1301,1206561,Affluent,Blue,OccasionalRevolver,Personal,16.54,2
1301,1206561,Affluent,Blue,OccasionalRevolver,Grocery,38.89,5
1302,1206561,Affluent,Blue,OccasionalRevolver,Grocery,44.1,5
1302,1206561,Affluent,Blue,OccasionalRevolver,Auto,26.96,3
1302,1206561,Affluent,Blue,OccasionalRevolver,Business,46.26,5
1302,1206561,Affluent,Blue,OccasionalRevolver,Entertainment,23.91,2
1303,1206561,Affluent,Blue,OccasionalRevolver,Entertainment,37,2
1303,1206561,Affluent,Blue,OccasionalRevolver,Grocery,43.71,5
1304,1206561,Affluent,Blue,OccasionalRevolver,Auto,33.94,4
1304,1206561,Affluent,Blue,OccasionalRevolver,Personal,35.7,3
1304,1206561,Affluent,Blue,OccasionalRevolver,Entertainment,16.48,2
1305,1206561,Affluent,Blue,OccasionalRevolver,Personal,17.05,2
1305,1206561,Affluent,Blue,OccasionalRevolver,Airlines,36.67,5
1305,1206561,Affluent,Blue,OccasionalRevolver,Business,29.11,5
1305,1206561,Affluent,Blue,OccasionalRevolver,Grocery,44.22,6
1306,1206561,Affluent,Blue,OccasionalRevolver,Entertainment,31.48,3
1306,1206561,Affluent,Blue,OccasionalRevolver,Business,38.28,4
1301,1236013,Affluent,Blue,OccasionalRevolver,Auto,29.64,4
1301,1236013,Affluent,Blue,OccasionalRevolver,Business,50.17,5
1301,1236013,Affluent,Blue,OccasionalRevolver,Grocery,51.81,5
1301,1236013,Affluent,Blue,OccasionalRevolver,Personal,30.25,2
1302,1236013,Affluent,Blue,OccasionalRevolver,Airlines,50.39,6
1302,1236013,Affluent,Blue,OccasionalRevolver,Auto,38.8,4
1303,1236013,Affluent,Blue,OccasionalRevolver,Airlines,55.78,7
1304,1236013,Affluent,Blue,OccasionalRevolver,Grocery,49.79,5
1304,1236013,Affluent,Blue,OccasionalRevolver,Airlines,45.8,5
1305,1236013,Affluent,Blue,OccasionalRevolver,Auto,33.91,5
1305,1236013,Affluent,Blue,OccasionalRevolver,Grocery,46.24,6
1305,1236013,Affluent,Blue,OccasionalRevolver,Personal,38.42,2
1305,1236013,Affluent,Blue,OccasionalRevolver,Airlines,46.02,5
1306,1236013,Affluent,Blue,OccasionalRevolver,Business,54.66,4
1306,1236013,Affluent,Blue,OccasionalRevolver,Grocery,51.27,6
1306,1236013,Affluent,Blue,OccasionalRevolver,Personal,21.74,2
1301,1261169,Affluent,Platinum,Delinquent,Entertainment,19.56,2
1301,1261169,Affluent,Platinum,Delinquent,Auto,39.82,4
1301,1261169,Affluent,Platinum,Delinquent,Personal,25.12,4
1302,1261169,Affluent,Platinum,Delinquent,Grocery,40.27,4
1302,1261169,Affluent,Platinum,Delinquent,Business,41.41,4
1302,1261169,Affluent,Platinum,Delinquent,Entertainment,11.34,2
1303,1261169,Affluent,Platinum,Delinquent,Airlines,41.62,6
1303,1261169,Affluent,Platinum,Delinquent,Personal,32.35,3
1304,1261169,Affluent,Platinum,Delinquent,Personal,19.04,2
1304,1261169,Affluent,Platinum,Delinquent,Business,29.2,3
1304,1261169,Affluent,Platinum,Delinquent,Grocery,44.53,4
1305,1261169,Affluent,Platinum,Delinquent,Grocery,38.22,4
1305,1261169,Affluent,Platinum,Delinquent,Airlines,36.57,5
1305,1261169,Affluent,Platinum,Delinquent,Business,27.64,3
1306,1261169,Affluent,Platinum,Delinquent,Airlines,58.7,5
1306,1261169,Affluent,Platinum,Delinquent,Business,38.7,3
1306,1261169,Affluent,Platinum,Delinquent,Grocery,44.56,5
1306,1261169,Affluent,Platinum,Delinquent,Personal,12.9,3
1301,1268406,Affluent,Blue,Revolver,Entertainment,17.68,1
1301,1268406,Affluent,Blue,Revolver,Airlines,31.41,3
1302,1268406,Affluent,Blue,Revolver,Entertainment,24.35,1
1302,1268406,Affluent,Blue,Revolver,Auto,22.59,4
1303,1268406,Affluent,Blue,Revolver,Grocery,42.77,5
1303,1268406,Affluent,Blue,Revolver,Personal,26.55,1
1304,1268406,Affluent,Blue,Revolver,Grocery,28.38,4
1304,1268406,Affluent,Blue,Revolver,Personal,11.18,2
1304,1268406,Affluent,Blue,Revolver,Airlines,34.89,4
1305,1268406,Affluent,Blue,Revolver,Business,31.71,3
1305,1268406,Affluent,Blue,Revolver,Airlines,36.36,4
1305,1268406,Affluent,Blue,Revolver,Auto,18.37,3
1306,1268406,Affluent,Blue,Revolver,Entertainment,21.81,2
1306,1268406,Affluent,Blue,Revolver,Airlines,36.55,4
1306,1268406,Affluent,Blue,Revolver,Personal,19.22,2
1301,1290373,EmergingAffluent,Platinum,Transactor,Airlines,115.53,13
1301,1290373,EmergingAffluent,Platinum,Transactor,Auto,77.13,9
1301,1290373,EmergingAffluent,Platinum,Transactor,Grocery,114.48,12
1301,1290373,EmergingAffluent,Platinum,Transactor,Personal,39.6,5
1302,1290373,EmergingAffluent,Platinum,Transactor,Personal,42.51,4
1302,1290373,EmergingAffluent,Platinum,Transactor,Airlines,131.19,12
1302,1290373,EmergingAffluent,Platinum,Transactor,Business,75.52,9
1303,1290373,EmergingAffluent,Platinum,Transactor,Grocery,125.9,13
1303,1290373,EmergingAffluent,Platinum,Transactor,Business,85.17,10
1303,1290373,EmergingAffluent,Platinum,Transactor,Airlines,125.82,13
1303,1290373,EmergingAffluent,Platinum,Transactor,Personal,46.86,5
1304,1290373,EmergingAffluent,Platinum,Transactor,Business,88.19,8
1304,1290373,EmergingAffluent,Platinum,Transactor,Entertainment,51.77,4
1305,1290373,EmergingAffluent,Platinum,Transactor,Airlines,114.96,13
1305,1290373,EmergingAffluent,Platinum,Transactor,Auto,84.85,9
1306,1290373,EmergingAffluent,Platinum,Transactor,Entertainment,50.68,7
1306,1290373,EmergingAffluent,Platinum,Transactor,Business,103.08,10
1306,1290373,EmergingAffluent,Platinum,Transactor,Personal,60.34,6
1301,1302649,HighNetWorth,Gold,Delinquent,Airlines,31.99,3
1301,1302649,HighNetWorth,Gold,Delinquent,Business,28.76,3
1302,1302649,HighNetWorth,Gold,Delinquent,Personal,11.2,2
1302,1302649,HighNetWorth,Gold,Delinquent,Grocery,24.69,4
1303,1302649,HighNetWorth,Gold,Delinquent,Airlines,25.93,4
1303,1302649,HighNetWorth,Gold,Delinquent,Grocery,26.2,3
1303,1302649,HighNetWorth,Gold,Delinquent,Auto,23.48,3
1304,1302649,HighNetWorth,Gold,Delinquent,Personal,12.22,2
1304,1302649,HighNetWorth,Gold,Delinquent,Auto,20.76,2
1304,1302649,HighNetWorth,Gold,Delinquent,Airlines,23.77,3
1305,1302649,HighNetWorth,Gold,Delinquent,Grocery,35.25,3
1305,1302649,HighNetWorth,Gold,Delinquent,Business,21.07,2
1306,1302649,HighNetWorth,Gold,Delinquent,Personal,9.75,2
1306,1302649,HighNetWorth,Gold,Delinquent,Airlines,33.83,4
1301,1308502,EmergingAffluent,Blue,Transactor,Auto,39.17,4
1301,1308502,EmergingAffluent,Blue,Transactor,Entertainment,31.45,2
1301,1308502,EmergingAffluent,Blue,Transactor,Grocery,38.66,5
1301,1308502,EmergingAffluent,Blue,Transactor,Business,27.24,5
1302,1308502,EmergingAffluent,Blue,Transactor,Personal,35.65,2
1302,1308502,EmergingAffluent,Blue,Transactor,Auto,25.78,5
1303,1308502,EmergingAffluent,Blue,Transactor,Business,33.3,5
1303,1308502,EmergingAffluent,Blue,Transactor,Personal,13.79,4
1304,1308502,EmergingAffluent,Blue,Transactor,Business,29.57,3
1304,1308502,EmergingAffluent,Blue,Transactor,Personal,14.9,4
1304,1308502,EmergingAffluent,Blue,Transactor,Auto,29.91,3
1305,1308502,EmergingAffluent,Blue,Transactor,Airlines,57.78,5
1305,1308502,EmergingAffluent,Blue,Transactor,Auto,32.32,3
1305,1308502,EmergingAffluent,Blue,Transactor,Personal,18,3
1305,1308502,EmergingAffluent,Blue,Transactor,Grocery,47.42,6
1306,1308502,EmergingAffluent,Blue,Transactor,Grocery,50.69,5
1306,1308502,EmergingAffluent,Blue,Transactor,Auto,36.64,5
1306,1308502,EmergingAffluent,Blue,Transactor,Business,33.6,4
1301,1311122,HighNetWorth,Gold,Delinquent,Auto,26.92,4
1301,1311122,HighNetWorth,Gold,Delinquent,Personal,13.72,3
1302,1311122,HighNetWorth,Gold,Delinquent,Grocery,30.91,6
1302,1311122,HighNetWorth,Gold,Delinquent,Entertainment,11.12,2
1302,1311122,HighNetWorth,Gold,Delinquent,Business,21.96,3
1303,1311122,HighNetWorth,Gold,Delinquent,Airlines,36.15,5
1303,1311122,HighNetWorth,Gold,Delinquent,Auto,22.05,4
1304,1311122,HighNetWorth,Gold,Delinquent,Auto,38.44,3
1304,1311122,HighNetWorth,Gold,Delinquent,Personal,10.59,2
1304,1311122,HighNetWorth,Gold,Delinquent,Grocery,31.86,4
1305,1311122,HighNetWorth,Gold,Delinquent,Grocery,41.1,5
1305,1311122,HighNetWorth,Gold,Delinquent,Entertainment,19.1,2
1306,1311122,HighNetWorth,Gold,Delinquent,Business,23.72,3
1306,1311122,HighNetWorth,Gold,Delinquent,Airlines,38.94,6
1301,1316815,HighNetWorth,Gold,OccasionalRevolver,Auto,62.18,7
1301,1316815,HighNetWorth,Gold,OccasionalRevolver,Personal,49.81,4
1301,1316815,HighNetWorth,Gold,OccasionalRevolver,Entertainment,59.66,4
1302,1316815,HighNetWorth,Gold,OccasionalRevolver,Business,78.31,7
1302,1316815,HighNetWorth,Gold,OccasionalRevolver,Auto,73.31,7
1302,1316815,HighNetWorth,Gold,OccasionalRevolver,Airlines,104.22,10
1302,1316815,HighNetWorth,Gold,OccasionalRevolver,Personal,41.05,4
1303,1316815,HighNetWorth,Gold,OccasionalRevolver,Entertainment,43.99,5
1303,1316815,HighNetWorth,Gold,OccasionalRevolver,Personal,47.81,6
1303,1316815,HighNetWorth,Gold,OccasionalRevolver,Airlines,112.4,11
1304,1316815,HighNetWorth,Gold,OccasionalRevolver,Auto,80.03,7
1304,1316815,HighNetWorth,Gold,OccasionalRevolver,Entertainment,46.33,4
1304,1316815,HighNetWorth,Gold,OccasionalRevolver,Personal,33.63,4
1305,1316815,HighNetWorth,Gold,OccasionalRevolver,Business,69.25,8
1305,1316815,HighNetWorth,Gold,OccasionalRevolver,Personal,34.62,4
1306,1316815,HighNetWorth,Gold,OccasionalRevolver,Auto,80.48,8
1306,1316815,HighNetWorth,Gold,OccasionalRevolver,Personal,40.47,4
1301,1342108,Affluent,Gold,OccasionalRevolver,Grocery,103.13,11
1301,1342108,Affluent,Gold,OccasionalRevolver,Entertainment,30.96,4
1301,1342108,Affluent,Gold,OccasionalRevolver,Airlines,94.33,9
1302,1342108,Affluent,Gold,OccasionalRevolver,Grocery,96.22,10
1302,1342108,Affluent,Gold,OccasionalRevolver,Entertainment,32.43,4
1302,1342108,Affluent,Gold,OccasionalRevolver,Business,61.4,7
1302,1342108,Affluent,Gold,OccasionalRevolver,Airlines,104.28,10
1303,1342108,Affluent,Gold,OccasionalRevolver,Business,77.57,7
1303,1342108,Affluent,Gold,OccasionalRevolver,Airlines,106.01,12
1303,1342108,Affluent,Gold,OccasionalRevolver,Entertainment,38.33,5
1303,1342108,Affluent,Gold,OccasionalRevolver,Personal,51.46,5
1304,1342108,Affluent,Gold,OccasionalRevolver,Airlines,96.01,9
1304,1342108,Affluent,Gold,OccasionalRevolver,Business,63.43,7
1305,1342108,Affluent,Gold,OccasionalRevolver,Grocery,93.56,11
1305,1342108,Affluent,Gold,OccasionalRevolver,Airlines,92.87,10
1305,1342108,Affluent,Gold,OccasionalRevolver,Auto,65.91,7
1305,1342108,Affluent,Gold,OccasionalRevolver,Personal,36.38,4
1306,1342108,Affluent,Gold,OccasionalRevolver,Airlines,108.1,11
1306,1342108,Affluent,Gold,OccasionalRevolver,Entertainment,43.44,4
1306,1342108,Affluent,Gold,OccasionalRevolver,Grocery,102.51,11
1301,1352656,MassMarket,Blue,Delinquent,Auto,22.34,1
1301,1352656,MassMarket,Blue,Delinquent,Business,16.86,2
1302,1352656,MassMarket,Blue,Delinquent,Airlines,11.46,2
1302,1352656,MassMarket,Blue,Delinquent,Grocery,7.77,1
1303,1352656,MassMarket,Blue,Delinquent,Personal,13.55,2
1303,1352656,MassMarket,Blue,Delinquent,Business,6.46,1
1303,1352656,MassMarket,Blue,Delinquent,Airlines,17.03,3
1304,1352656,MassMarket,Blue,Delinquent,Business,11.57,3
1304,1352656,MassMarket,Blue,Delinquent,Entertainment,6.99,1
1305,1352656,MassMarket,Blue,Delinquent,Airlines,8.12,1
1306,1352656,MassMarket,Blue,Delinquent,Personal,6.82,1
1306,1352656,MassMarket,Blue,Delinquent,Auto,5.01,1
1306,1352656,MassMarket,Blue,Delinquent,Airlines,12.14,2
1301,1361440,Affluent,Gold,Revolver,Personal,30.46,3
1301,1361440,Affluent,Gold,Revolver,Auto,55.52,5
1301,1361440,Affluent,Gold,Revolver,Grocery,72.56,10
1302,1361440,Affluent,Gold,Revolver,Grocery,79.96,9
1302,1361440,Affluent,Gold,Revolver,Auto,55.99,6
1302,1361440,Affluent,Gold,Revolver,Airlines,70.31,8
1303,1361440,Affluent,Gold,Revolver,Grocery,96.36,9
1303,1361440,Affluent,Gold,Revolver,Personal,42.67,3
1303,1361440,Affluent,Gold,Revolver,Business,62.93,7
1304,1361440,Affluent,Gold,Revolver,Personal,42.92,5
1305,1361440,Affluent,Gold,Revolver,Airlines,72.68,8
1305,1361440,Affluent,Gold,Revolver,Grocery,71.82,8
1305,1361440,Affluent,Gold,Revolver,Entertainment,25.67,3
1305,1361440,Affluent,Gold,Revolver,Personal,31.12,3
1306,1361440,Affluent,Gold,Revolver,Airlines,88.13,10
1306,1361440,Affluent,Gold,Revolver,Business,57.23,7
1306,1361440,Affluent,Gold,Revolver,Auto,60.41,6
1301,1375591,EmergingAffluent,Blue,Transactor,Auto,32.04,3
1301,1375591,EmergingAffluent,Blue,Transactor,Personal,18.35,1
1301,1375591,EmergingAffluent,Blue,Transactor,Grocery,41.41,4
1302,1375591,EmergingAffluent,Blue,Transactor,Entertainment,19.63,3
1302,1375591,EmergingAffluent,Blue,Transactor,Auto,31.97,4
1302,1375591,EmergingAffluent,Blue,Transactor,Personal,10.1,2
1303,1375591,EmergingAffluent,Blue,Transactor,Personal,13.68,3
1303,1375591,EmergingAffluent,Blue,Transactor,Airlines,34.93,4
1303,1375591,EmergingAffluent,Blue,Transactor,Entertainment,23.77,4
1304,1375591,EmergingAffluent,Blue,Transactor,Airlines,29.41,4
1304,1375591,EmergingAffluent,Blue,Transactor,Business,31.85,3
1304,1375591,EmergingAffluent,Blue,Transactor,Grocery,30.77,4
1304,1375591,EmergingAffluent,Blue,Transactor,Personal,17.17,2
1305,1375591,EmergingAffluent,Blue,Transactor,Airlines,38.18,4
1305,1375591,EmergingAffluent,Blue,Transactor,Auto,20.62,3
1305,1375591,EmergingAffluent,Blue,Transactor,Personal,13.04,2
1305,1375591,EmergingAffluent,Blue,Transactor,Grocery,47.43,4
1306,1375591,EmergingAffluent,Blue,Transactor,Airlines,35.24,5
1306,1375591,EmergingAffluent,Blue,Transactor,Grocery,43.68,6
1306,1375591,EmergingAffluent,Blue,Transactor,Business,32.86,3
1301,1402991,MassMarket,Gold,Revolver,Personal,10.27,2
1301,1402991,MassMarket,Gold,Revolver,Auto,25.81,2
1302,1402991,MassMarket,Gold,Revolver,Entertainment,15.64,2
1302,1402991,MassMarket,Gold,Revolver,Auto,16.28,2
1302,1402991,MassMarket,Gold,Revolver,Airlines,30.77,2
1303,1402991,MassMarket,Gold,Revolver,Entertainment,8.67,1
1303,1402991,MassMarket,Gold,Revolver,Auto,14.35,3
1303,1402991,MassMarket,Gold,Revolver,Business,14.59,3
1304,1402991,MassMarket,Gold,Revolver,Business,15.69,2
1304,1402991,MassMarket,Gold,Revolver,Personal,18.33,2
1304,1402991,MassMarket,Gold,Revolver,Grocery,21.24,3
1304,1402991,MassMarket,Gold,Revolver,Airlines,41.15,3
1305,1402991,MassMarket,Gold,Revolver,Personal,9.19,2
1305,1402991,MassMarket,Gold,Revolver,Business,16.83,3
1306,1402991,MassMarket,Gold,Revolver,Personal,14.39,2
1306,1402991,MassMarket,Gold,Revolver,Auto,20.26,4
1301,1424484,HighNetWorth,Gold,Revolver,Entertainment,48.17,4
1301,1424484,HighNetWorth,Gold,Revolver,Auto,68.47,6
1302,1424484,HighNetWorth,Gold,Revolver,Personal,48.73,4
1302,1424484,HighNetWorth,Gold,Revolver,Grocery,97.97,11
1303,1424484,HighNetWorth,Gold,Revolver,Grocery,104.3,11
1303,1424484,HighNetWorth,Gold,Revolver,Auto,71.07,8
1304,1424484,HighNetWorth,Gold,Revolver,Grocery,93.35,9
1304,1424484,HighNetWorth,Gold,Revolver,Entertainment,37.98,4
1304,1424484,HighNetWorth,Gold,Revolver,Personal,33.99,3
1304,1424484,HighNetWorth,Gold,Revolver,Airlines,90.47,10
1305,1424484,HighNetWorth,Gold,Revolver,Airlines,90.07,10
1305,1424484,HighNetWorth,Gold,Revolver,Auto,71.06,7
1305,1424484,HighNetWorth,Gold,Revolver,Grocery,94.41,10
1305,1424484,HighNetWorth,Gold,Revolver,Personal,34.71,4
1306,1424484,HighNetWorth,Gold,Revolver,Entertainment,37.29,5
1306,1424484,HighNetWorth,Gold,Revolver,Grocery,104.76,11
1301,1432268,HighNetWorth,Blue,Revolver,Auto,41.56,4
1301,1432268,HighNetWorth,Blue,Revolver,Personal,22.82,3
1301,1432268,HighNetWorth,Blue,Revolver,Entertainment,18.88,2
1301,1432268,HighNetWorth,Blue,Revolver,Business,47.02,5
1302,1432268,HighNetWorth,Blue,Revolver,Entertainment,22.29,2
1302,1432268,HighNetWorth,Blue,Revolver,Airlines,45.16,7
1303,1432268,HighNetWorth,Blue,Revolver,Auto,50.73,6
1303,1432268,HighNetWorth,Blue,Revolver,Entertainment,22.38,4
1303,1432268,HighNetWorth,Blue,Revolver,Grocery,53.93,6
1304,1432268,HighNetWorth,Blue,Revolver,Entertainment,15.58,3
1304,1432268,HighNetWorth,Blue,Revolver,Auto,32.72,5
1305,1432268,HighNetWorth,Blue,Revolver,Grocery,51.79,6
1305,1432268,HighNetWorth,Blue,Revolver,Airlines,62.92,6
1305,1432268,HighNetWorth,Blue,Revolver,Entertainment,16.25,4
1306,1432268,HighNetWorth,Blue,Revolver,Auto,34.85,4
1306,1432268,HighNetWorth,Blue,Revolver,Business,38.03,4
1306,1432268,HighNetWorth,Blue,Revolver,Personal,20.76,2
1301,1454544,Affluent,Gold,OccasionalRevolver,Airlines,84.72,8
1301,1454544,Affluent,Gold,OccasionalRevolver,Grocery,77.33,9
1302,1454544,Affluent,Gold,OccasionalRevolver,Personal,42.33,4
1302,1454544,Affluent,Gold,OccasionalRevolver,Airlines,73.72,8
1302,1454544,Affluent,Gold,OccasionalRevolver,Business,51.22,5
1302,1454544,Affluent,Gold,OccasionalRevolver,Entertainment,27.26,4
1303,1454544,Affluent,Gold,OccasionalRevolver,Business,61.81,6
1303,1454544,Affluent,Gold,OccasionalRevolver,Grocery,90.87,8
1304,1454544,Affluent,Gold,OccasionalRevolver,Personal,43.07,6
1304,1454544,Affluent,Gold,OccasionalRevolver,Business,63.65,5
1304,1454544,Affluent,Gold,OccasionalRevolver,Airlines,70.69,8
1304,1454544,Affluent,Gold,OccasionalRevolver,Entertainment,25.32,3
1305,1454544,Affluent,Gold,OccasionalRevolver,Entertainment,33.3,4
1305,1454544,Affluent,Gold,OccasionalRevolver,Grocery,73.85,9
1306,1454544,Affluent,Gold,OccasionalRevolver,Airlines,82.87,10
1306,1454544,Affluent,Gold,OccasionalRevolver,Personal,41.3,4
1301,1492599,HighNetWorth,Platinum,Revolver,Grocery,150.04,14
1301,1492599,HighNetWorth,Platinum,Revolver,Personal,44.59,5
1301,1492599,HighNetWorth,Platinum,Revolver,Entertainment,58.98,6
1302,1492599,HighNetWorth,Platinum,Revolver,Airlines,142.74,14
1302,1492599,HighNetWorth,Platinum,Revolver,Personal,54.25,6
1303,1492599,HighNetWorth,Platinum,Revolver,Airlines,150.9,17
1303,1492599,HighNetWorth,Platinum,Revolver,Auto,105.95,12
1303,1492599,HighNetWorth,Platinum,Revolver,Personal,53.59,6
1304,1492599,HighNetWorth,Platinum,Revolver,Personal,57.35,5
1304,1492599,HighNetWorth,Platinum,Revolver,Auto,92.44,10
1305,1492599,HighNetWorth,Platinum,Revolver,Airlines,139.58,14
1306,1492599,HighNetWorth,Platinum,Revolver,Business,102.06,12
1306,1492599,HighNetWorth,Platinum,Revolver,Airlines,154.9,16
1306,1492599,HighNetWorth,Platinum,Revolver,Grocery,158.37,17
1301,1502831,HighNetWorth,Platinum,OccasionalRevolver,Airlines,177.82,19
1302,1502831,HighNetWorth,Platinum,OccasionalRevolver,Grocery,182.53,19
1303,1502831,HighNetWorth,Platinum,OccasionalRevolver,Entertainment,66.18,9
1303,1502831,HighNetWorth,Platinum,OccasionalRevolver,Business,140.99,14
1303,1502831,HighNetWorth,Platinum,OccasionalRevolver,Personal,68.4,7
1304,1502831,HighNetWorth,Platinum,OccasionalRevolver,Grocery,184.07,18
1305,1502831,HighNetWorth,Platinum,OccasionalRevolver,Grocery,185.6,20
1305,1502831,HighNetWorth,Platinum,OccasionalRevolver,Auto,125.58,13
1305,1502831,HighNetWorth,Platinum,OccasionalRevolver,Airlines,209.68,19
1306,1502831,HighNetWorth,Platinum,OccasionalRevolver,Personal,72.35,8
1306,1502831,HighNetWorth,Platinum,OccasionalRevolver,Airlines,212.8,21
1306,1502831,HighNetWorth,Platinum,OccasionalRevolver,Business,146.69,14
1306,1502831,HighNetWorth,Platinum,OccasionalRevolver,Auto,161.67,16
1301,1541140,EmergingAffluent,Platinum,Transactor,Auto,62.31,6
1301,1541140,EmergingAffluent,Platinum,Transactor,Airlines,90.13,9
1302,1541140,EmergingAffluent,Platinum,Transactor,Entertainment,37.37,4
1302,1541140,EmergingAffluent,Platinum,Transactor,Airlines,98.84,11
1303,1541140,EmergingAffluent,Platinum,Transactor,Airlines,113.79,11
1303,1541140,EmergingAffluent,Platinum,Transactor,Personal,49.25,4
1304,1541140,EmergingAffluent,Platinum,Transactor,Airlines,100.8,10
1304,1541140,EmergingAffluent,Platinum,Transactor,Personal,29.63,4
1304,1541140,EmergingAffluent,Platinum,Transactor,Auto,59.76,8
1305,1541140,EmergingAffluent,Platinum,Transactor,Business,72.31,7
1305,1541140,EmergingAffluent,Platinum,Transactor,Entertainment,38.97,4
1305,1541140,EmergingAffluent,Platinum,Transactor,Airlines,92.37,10
1306,1541140,EmergingAffluent,Platinum,Transactor,Auto,68.51,8
1306,1541140,EmergingAffluent,Platinum,Transactor,Airlines,109.6,11
1301,1555203,EmergingAffluent,Gold,Delinquent,Auto,22.75,3
1301,1555203,EmergingAffluent,Gold,Delinquent,Business,20.72,1
1301,1555203,EmergingAffluent,Gold,Delinquent,Entertainment,5.56,2
1302,1555203,EmergingAffluent,Gold,Delinquent,Grocery,12.8,3
1302,1555203,EmergingAffluent,Gold,Delinquent,Auto,12.81,1
1303,1555203,EmergingAffluent,Gold,Delinquent,Entertainment,9.87,2
1303,1555203,EmergingAffluent,Gold,Delinquent,Business,20.54,2
1304,1555203,EmergingAffluent,Gold,Delinquent,Entertainment,4.18,2
1304,1555203,EmergingAffluent,Gold,Delinquent,Grocery,20.2,4
1304,1555203,EmergingAffluent,Gold,Delinquent,Auto,11.85,2
1305,1555203,EmergingAffluent,Gold,Delinquent,Grocery,13.01,3
1305,1555203,EmergingAffluent,Gold,Delinquent,Personal,17.97,2
1305,1555203,EmergingAffluent,Gold,Delinquent,Entertainment,12.9,2
1306,1555203,EmergingAffluent,Gold,Delinquent,Personal,12.84,1
1306,1555203,EmergingAffluent,Gold,Delinquent,Business,17.56,2
1306,1555203,EmergingAffluent,Gold,Delinquent,Airlines,16.6,2
1306,1555203,EmergingAffluent,Gold,Delinquent,Grocery,23.11,2
1301,1583327,EmergingAffluent,Gold,Revolver,Auto,42.34,4
1301,1583327,EmergingAffluent,Gold,Revolver,Entertainment,19.62,3
1301,1583327,EmergingAffluent,Gold,Revolver,Airlines,44.49,6
1302,1583327,EmergingAffluent,Gold,Revolver,Entertainment,21.69,3
1302,1583327,EmergingAffluent,Gold,Revolver,Business,35.74,4
1302,1583327,EmergingAffluent,Gold,Revolver,Grocery,47.39,5
1303,1583327,EmergingAffluent,Gold,Revolver,Entertainment,21.95,3
1303,1583327,EmergingAffluent,Gold,Revolver,Business,33.95,5
1303,1583327,EmergingAffluent,Gold,Revolver,Airlines,51.72,6
1304,1583327,EmergingAffluent,Gold,Revolver,Grocery,55.54,5
1304,1583327,EmergingAffluent,Gold,Revolver,Entertainment,24.93,3
1304,1583327,EmergingAffluent,Gold,Revolver,Business,32.25,4
1305,1583327,EmergingAffluent,Gold,Revolver,Grocery,54.75,6
1305,1583327,EmergingAffluent,Gold,Revolver,Business,32.08,4
1305,1583327,EmergingAffluent,Gold,Revolver,Entertainment,15.98,2
1306,1583327,EmergingAffluent,Gold,Revolver,Entertainment,23.02,2
1306,1583327,EmergingAffluent,Gold,Revolver,Grocery,58.92,6
1306,1583327,EmergingAffluent,Gold,Revolver,Business,47.27,5
1301,1583572,Affluent,Blue,Delinquent,Auto,19.7,1
1301,1583572,Affluent,Blue,Delinquent,Airlines,10.81,2
1301,1583572,Affluent,Blue,Delinquent,Personal,12.54,2
1302,1583572,Affluent,Blue,Delinquent,Auto,18.49,2
1302,1583572,Affluent,Blue,Delinquent,Entertainment,17.52,1
1303,1583572,Affluent,Blue,Delinquent,Airlines,24.8,4
1304,1583572,Affluent,Blue,Delinquent,Grocery,19.65,3
1304,1583572,Affluent,Blue,Delinquent,Business,20.83,2
1305,1583572,Affluent,Blue,Delinquent,Airlines,22.82,2
1306,1583572,Affluent,Blue,Delinquent,Auto,19.49,2
1306,1583572,Affluent,Blue,Delinquent,Airlines,34.8,2
1306,1583572,Affluent,Blue,Delinquent,Grocery,25.68,4
1301,1659364,MassMarket,Gold,Revolver,Airlines,20.72,2
1301,1659364,MassMarket,Gold,Revolver,Entertainment,7.44,1
1302,1659364,MassMarket,Gold,Revolver,Entertainment,13.59,3
1303,1659364,MassMarket,Gold,Revolver,Airlines,36.6,3
1303,1659364,MassMarket,Gold,Revolver,Entertainment,11.73,1
1304,1659364,MassMarket,Gold,Revolver,Grocery,24.82,3
1304,1659364,MassMarket,Gold,Revolver,Auto,16.05,3
1305,1659364,MassMarket,Gold,Revolver,Grocery,20.37,4
1305,1659364,MassMarket,Gold,Revolver,Personal,15,3
1305,1659364,MassMarket,Gold,Revolver,Entertainment,15.95,1
1306,1659364,MassMarket,Gold,Revolver,Auto,18.01,3
1301,1723640,HighNetWorth,Gold,Revolver,Business,60.41,6
1301,1723640,HighNetWorth,Gold,Revolver,Auto,59.05,5
1301,1723640,HighNetWorth,Gold,Revolver,Entertainment,28.27,3
1302,1723640,HighNetWorth,Gold,Revolver,Business,55.26,6
1302,1723640,HighNetWorth,Gold,Revolver,Grocery,84.05,8
1303,1723640,HighNetWorth,Gold,Revolver,Airlines,83.39,9
1303,1723640,HighNetWorth,Gold,Revolver,Grocery,86.22,10
1304,1723640,HighNetWorth,Gold,Revolver,Auto,62.45,5
1304,1723640,HighNetWorth,Gold,Revolver,Personal,34,3
1305,1723640,HighNetWorth,Gold,Revolver,Entertainment,35.74,3
1305,1723640,HighNetWorth,Gold,Revolver,Business,51.7,6
1306,1723640,HighNetWorth,Gold,Revolver,Entertainment,37.82,4
1306,1723640,HighNetWorth,Gold,Revolver,Business,54.41,7
1306,1723640,HighNetWorth,Gold,Revolver,Personal,27.91,3
1301,1751675,MassMarket,Gold,Transactor,Entertainment,14.41,2
1302,1751675,MassMarket,Gold,Transactor,Personal,35.14,3
1302,1751675,MassMarket,Gold,Transactor,Entertainment,29.9,2
1303,1751675,MassMarket,Gold,Transactor,Personal,15.49,3
1303,1751675,MassMarket,Gold,Transactor,Grocery,46.89,5
1303,1751675,MassMarket,Gold,Transactor,Airlines,43.39,5
1303,1751675,MassMarket,Gold,Transactor,Business,43.62,4
1303,1751675,MassMarket,Gold,Transactor,Entertainment,29.9,2
1304,1751675,MassMarket,Gold,Transactor,Business,31.13,3
1304,1751675,MassMarket,Gold,Transactor,Auto,29.25,3
1305,1751675,MassMarket,Gold,Transactor,Auto,37.86,4
1305,1751675,MassMarket,Gold,Transactor,Entertainment,26.16,2
1305,1751675,MassMarket,Gold,Transactor,Grocery,50.26,5
1306,1751675,MassMarket,Gold,Transactor,Airlines,45.04,6
1306,1751675,MassMarket,Gold,Transactor,Business,31.11,5
1306,1751675,MassMarket,Gold,Transactor,Auto,31.09,4
1301,1791596,EmergingAffluent,Gold,Revolver,Airlines,38.26,5
1301,1791596,EmergingAffluent,Gold,Revolver,Grocery,63.19,5
1301,1791596,EmergingAffluent,Gold,Revolver,Entertainment,25.5,3
1301,1791596,EmergingAffluent,Gold,Revolver,Personal,25.72,4
1302,1791596,EmergingAffluent,Gold,Revolver,Airlines,40.39,4
1302,1791596,EmergingAffluent,Gold,Revolver,Auto,37.54,5
1302,1791596,EmergingAffluent,Gold,Revolver,Grocery,52.6,5
1303,1791596,EmergingAffluent,Gold,Revolver,Business,28.74,3
1303,1791596,EmergingAffluent,Gold,Revolver,Personal,17.46,3
1304,1791596,EmergingAffluent,Gold,Revolver,Airlines,45.74,4
1304,1791596,EmergingAffluent,Gold,Revolver,Auto,39.59,3
1304,1791596,EmergingAffluent,Gold,Revolver,Entertainment,13.55,2
1305,1791596,EmergingAffluent,Gold,Revolver,Grocery,51.28,5
1305,1791596,EmergingAffluent,Gold,Revolver,Entertainment,14.71,2
1305,1791596,EmergingAffluent,Gold,Revolver,Airlines,44.11,5
1305,1791596,EmergingAffluent,Gold,Revolver,Personal,18.11,2
1306,1791596,EmergingAffluent,Gold,Revolver,Business,38.25,4
1306,1791596,EmergingAffluent,Gold,Revolver,Personal,50.63,2
1306,1791596,EmergingAffluent,Gold,Revolver,Auto,35.86,3
1301,1826667,MassMarket,Platinum,Delinquent,Personal,3.04,1
1301,1826667,MassMarket,Platinum,Delinquent,Entertainment,10.25,1
1302,1826667,MassMarket,Platinum,Delinquent,Airlines,30.83,1
1302,1826667,MassMarket,Platinum,Delinquent,Grocery,9.91,2
1302,1826667,MassMarket,Platinum,Delinquent,Entertainment,4.18,2
1302,1826667,MassMarket,Platinum,Delinquent,Personal,5.98,1
1303,1826667,MassMarket,Platinum,Delinquent,Grocery,10.81,2
1303,1826667,MassMarket,Platinum,Delinquent,Entertainment,14.51,2
1304,1826667,MassMarket,Platinum,Delinquent,Airlines,14.98,3
1304,1826667,MassMarket,Platinum,Delinquent,Auto,15.14,2
1305,1826667,MassMarket,Platinum,Delinquent,Auto,8.18,2
1305,1826667,MassMarket,Platinum,Delinquent,Airlines,15.7,2
1305,1826667,MassMarket,Platinum,Delinquent,Entertainment,8.85,2
1305,1826667,MassMarket,Platinum,Delinquent,Personal,6.22,1
1306,1826667,MassMarket,Platinum,Delinquent,Personal,16.94,2
1306,1826667,MassMarket,Platinum,Delinquent,Business,22.96,2
1306,1826667,MassMarket,Platinum,Delinquent,Auto,13.91,1
1306,1826667,MassMarket,Platinum,Delinquent,Grocery,16.25,3
1301,1899220,HighNetWorth,Blue,Delinquent,Business,13.23,3
1301,1899220,HighNetWorth,Blue,Delinquent,Grocery,18.86,2
1301,1899220,HighNetWorth,Blue,Delinquent,Entertainment,9.88,3
1301,1899220,HighNetWorth,Blue,Delinquent,Personal,13.96,1
1302,1899220,HighNetWorth,Blue,Delinquent,Auto,24.55,2
1302,1899220,HighNetWorth,Blue,Delinquent,Entertainment,31.52,2
1303,1899220,HighNetWorth,Blue,Delinquent,Airlines,24.12,4
1303,1899220,HighNetWorth,Blue,Delinquent,Entertainment,14.99,2
1303,1899220,HighNetWorth,Blue,Delinquent,Business,19.92,3
1303,1899220,HighNetWorth,Blue,Delinquent,Auto,23.75,2
1304,1899220,HighNetWorth,Blue,Delinquent,Entertainment,7.95,3
1304,1899220,HighNetWorth,Blue,Delinquent,Grocery,23.3,3
1304,1899220,HighNetWorth,Blue,Delinquent,Auto,17.4,3
1305,1899220,HighNetWorth,Blue,Delinquent,Personal,6.59,2
1305,1899220,HighNetWorth,Blue,Delinquent,Airlines,16.6,2
1305,1899220,HighNetWorth,Blue,Delinquent,Grocery,25.65,2
1305,1899220,HighNetWorth,Blue,Delinquent,Business,14.6,2
1306,1899220,HighNetWorth,Blue,Delinquent,Entertainment,10.92,1
1306,1899220,HighNetWorth,Blue,Delinquent,Grocery,17.19,3
1301,1929367,HighNetWorth,Blue,Transactor,Grocery,68.02,7
1301,1929367,HighNetWorth,Blue,Transactor,Entertainment,37.61,3
1302,1929367,HighNetWorth,Blue,Transactor,Entertainment,31.54,4
1302,1929367,HighNetWorth,Blue,Transactor,Auto,43.74,5
1302,1929367,HighNetWorth,Blue,Transactor,Airlines,72.03,7
1302,1929367,HighNetWorth,Blue,Transactor,Grocery,60.39,7
1303,1929367,HighNetWorth,Blue,Transactor,Grocery,65.76,9
1303,1929367,HighNetWorth,Blue,Transactor,Entertainment,26.22,3
1304,1929367,HighNetWorth,Blue,Transactor,Personal,35.6,2
1304,1929367,HighNetWorth,Blue,Transactor,Entertainment,42.46,3
1304,1929367,HighNetWorth,Blue,Transactor,Airlines,64.89,7
1304,1929367,HighNetWorth,Blue,Transactor,Grocery,78.12,7
1305,1929367,HighNetWorth,Blue,Transactor,Airlines,74.27,9
1305,1929367,HighNetWorth,Blue,Transactor,Personal,29.04,3
1306,1929367,HighNetWorth,Blue,Transactor,Grocery,67.53,8
1306,1929367,HighNetWorth,Blue,Transactor,Auto,48.3,5
1306,1929367,HighNetWorth,Blue,Transactor,Airlines,79.36,9
1301,1933780,MassMarket,Blue,OccasionalRevolver,Airlines,28.22,3
1301,1933780,MassMarket,Blue,OccasionalRevolver,Business,16.78,3
1302,1933780,MassMarket,Blue,OccasionalRevolver,Business,9.7,2
1302,1933780,MassMarket,Blue,OccasionalRevolver,Grocery,17.17,2
1302,1933780,MassMarket,Blue,OccasionalRevolver,Personal,11.65,1
1302,1933780,MassMarket,Blue,OccasionalRevolver,Airlines,34.73,2
1303,1933780,MassMarket,Blue,OccasionalRevolver,Business,16.81,4
1303,1933780,MassMarket,Blue,OccasionalRevolver,Airlines,16.14,2
1304,1933780,MassMarket,Blue,OccasionalRevolver,Personal,18.8,2
1304,1933780,MassMarket,Blue,OccasionalRevolver,Business,12.4,2
1304,1933780,MassMarket,Blue,OccasionalRevolver,Grocery,13.34,3
1305,1933780,MassMarket,Blue,OccasionalRevolver,Business,15.14,2
1305,1933780,MassMarket,Blue,OccasionalRevolver,Personal,9.37,1
1305,1933780,MassMarket,Blue,OccasionalRevolver,Grocery,17.91,3
1305,1933780,MassMarket,Blue,OccasionalRevolver,Airlines,18.29,3
1306,1933780,MassMarket,Blue,OccasionalRevolver,Grocery,17.83,3
1306,1933780,MassMarket,Blue,OccasionalRevolver,Auto,20.72,2
1301,1942786,Affluent,Platinum,OccasionalRevolver,Airlines,115.56,11
1302,1942786,Affluent,Platinum,OccasionalRevolver,Entertainment,44.33,5
1302,1942786,Affluent,Platinum,OccasionalRevolver,Personal,39.45,4
1303,1942786,Affluent,Platinum,OccasionalRevolver,Business,78.01,9
1304,1942786,Affluent,Platinum,OccasionalRevolver,Auto,71.76,8
1304,1942786,Affluent,Platinum,OccasionalRevolver,Business,79.88,8
1305,1942786,Affluent,Platinum,OccasionalRevolver,Grocery,130.12,13
1305,1942786,Affluent,Platinum,OccasionalRevolver,Airlines,109.68,11
1306,1942786,Affluent,Platinum,OccasionalRevolver,Grocery,126.24,14
1306,1942786,Affluent,Platinum,OccasionalRevolver,Entertainment,49.05,6
1301,1976430,MassMarket,Gold,Delinquent,Business,7.34,2
1301,1976430,MassMarket,Gold,Delinquent,Entertainment,6.19,1
1302,1976430,MassMarket,Gold,Delinquent,Auto,11.72,2
1302,1976430,MassMarket,Gold,Delinquent,Entertainment,13.62,1
1303,1976430,MassMarket,Gold,Delinquent,Grocery,13.19,4
1303,1976430,MassMarket,Gold,Delinquent,Personal,17.56,2
1303,1976430,MassMarket,Gold,Delinquent,Auto,11.75,2
1304,1976430,MassMarket,Gold,Delinquent,Entertainment,6.74,1
1304,1976430,MassMarket,Gold,Delinquent,Business,9.61,2
1304,1976430,MassMarket,Gold,Delinquent,Auto,11.38,3
1305,1976430,MassMarket,Gold,Delinquent,Grocery,23.97,1
1305,1976430,MassMarket,Gold,Delinquent,Airlines,18.67,2
1305,1976430,MassMarket,Gold,Delinquent,Auto,13.42,1
1306,1976430,MassMarket,Gold,Delinquent,Entertainment,9.35,1
1306,1976430,MassMarket,Gold,Delinquent,Personal,5.66,1
1306,1976430,MassMarket,Gold,Delinquent,Airlines,11.98,3
1301,1976853,MassMarket,Gold,Delinquent,Grocery,9.19,1
1301,1976853,MassMarket,Gold,Delinquent,Airlines,9.51,2
1301,1976853,MassMarket,Gold,Delinquent,Personal,4.17,1
1302,1976853,MassMarket,Gold,Delinquent,Airlines,15.57,2
1302,1976853,MassMarket,Gold,Delinquent,Grocery,20.84,3
1303,1976853,MassMarket,Gold,Delinquent,Airlines,22.51,2
1303,1976853,MassMarket,Gold,Delinquent,Auto,20.64,3
1303,1976853,MassMarket,Gold,Delinquent,Grocery,16.84,3
1304,1976853,MassMarket,Gold,Delinquent,Grocery,14.36,2
1305,1976853,MassMarket,Gold,Delinquent,Entertainment,6.82,1
1305,1976853,MassMarket,Gold,Delinquent,Personal,7.34,3
1305,1976853,MassMarket,Gold,Delinquent,Grocery,16.81,2
1306,1976853,MassMarket,Gold,Delinquent,Personal,13.09,1
1306,1976853,MassMarket,Gold,Delinquent,Entertainment,14.02,1
1306,1976853,MassMarket,Gold,Delinquent,Grocery,9.98,2
1301,1997139,HighNetWorth,Blue,Revolver,Airlines,49.17,5
1301,1997139,HighNetWorth,Blue,Revolver,Business,30.82,5
1302,1997139,HighNetWorth,Blue,Revolver,Airlines,54.29,6
1302,1997139,HighNetWorth,Blue,Revolver,Auto,43.2,5
1302,1997139,HighNetWorth,Blue,Revolver,Grocery,51.17,6
1303,1997139,HighNetWorth,Blue,Revolver,Entertainment,30.85,3
1303,1997139,HighNetWorth,Blue,Revolver,Grocery,63.6,8
1303,1997139,HighNetWorth,Blue,Revolver,Airlines,54.48,6
1304,1997139,HighNetWorth,Blue,Revolver,Airlines,44.27,6
1304,1997139,HighNetWorth,Blue,Revolver,Personal,22.16,4
1304,1997139,HighNetWorth,Blue,Revolver,Entertainment,33.28,3
1305,1997139,HighNetWorth,Blue,Revolver,Business,38.37,5
1305,1997139,HighNetWorth,Blue,Revolver,Airlines,49.95,6
1305,1997139,HighNetWorth,Blue,Revolver,Entertainment,17.33,3
1306,1997139,HighNetWorth,Blue,Revolver,Personal,29.04,3
1306,1997139,HighNetWorth,Blue,Revolver,Business,34.36,5
1306,1997139,HighNetWorth,Blue,Revolver,Entertainment,20.55,3
1301,1998192,Affluent,Blue,Transactor,Entertainment,23.23,2
1301,1998192,Affluent,Blue,Transactor,Business,33.13,5
1301,1998192,Affluent,Blue,Transactor,Auto,47.52,4
1302,1998192,Affluent,Blue,Transactor,Personal,26.61,3
1302,1998192,Affluent,Blue,Transactor,Business,51.94,4
1303,1998192,Affluent,Blue,Transactor,Grocery,71.33,6
1303,1998192,Affluent,Blue,Transactor,Auto,43.22,5
1303,1998192,Affluent,Blue,Transactor,Personal,27.75,2
1304,1998192,Affluent,Blue,Transactor,Airlines,56.6,6
1304,1998192,Affluent,Blue,Transactor,Business,43.61,5
1305,1998192,Affluent,Blue,Transactor,Auto,36.19,5
1305,1998192,Affluent,Blue,Transactor,Personal,22.58,4
1305,1998192,Affluent,Blue,Transactor,Entertainment,20.94,3
1306,1998192,Affluent,Blue,Transactor,Personal,19.15,2
1306,1998192,Affluent,Blue,Transactor,Business,43.39,5
1306,1998192,Affluent,Blue,Transactor,Entertainment,16.96,3
1301,2065376,MassMarket,Gold,Revolver,Airlines,22.33,3
1302,2065376,MassMarket,Gold,Revolver,Airlines,26.17,3
1302,2065376,MassMarket,Gold,Revolver,Entertainment,18.37,2
1303,2065376,MassMarket,Gold,Revolver,Grocery,38.13,4
1303,2065376,MassMarket,Gold,Revolver,Entertainment,8.7,2
1303,2065376,MassMarket,Gold,Revolver,Auto,23.69,3
1304,2065376,MassMarket,Gold,Revolver,Grocery,28.66,3
1304,2065376,MassMarket,Gold,Revolver,Business,25.47,5
1305,2065376,MassMarket,Gold,Revolver,Business,26.25,3
1305,2065376,MassMarket,Gold,Revolver,Entertainment,10.39,2
1305,2065376,MassMarket,Gold,Revolver,Grocery,40.83,4
1305,2065376,MassMarket,Gold,Revolver,Personal,22.99,2
1306,2065376,MassMarket,Gold,Revolver,Personal,15.26,2
1306,2065376,MassMarket,Gold,Revolver,Entertainment,22.01,3
1306,2065376,MassMarket,Gold,Revolver,Grocery,37.02,3
1301,2065792,MassMarket,Platinum,Delinquent,Business,22.78,1
1301,2065792,MassMarket,Platinum,Delinquent,Entertainment,9.25,1
1301,2065792,MassMarket,Platinum,Delinquent,Grocery,24.94,2
1301,2065792,MassMarket,Platinum,Delinquent,Airlines,15.1,3
